Name,Type
PBER102,HPLJP4515
SCMG Accumen Aero CAERO 8765 Aero Dr (Memorial),
,
PCAAE00,CLS700E
PCAAE01,HPLJM525
SCMG Accumen El Cajon EMAIN 155 W. Main (Grossmont),
,
PCAEM00,CLS700E
PCAEM01,CLS700E
PCAEM02,HPLJM525
PCAEM03,CLS700E
SCMG Accumen Point Loma WPTLO 2790 Truxton (Coronado),
,
PCAPL00,MXB376W
PCAPL01,CLS700E
SCMG Accumen National City SE8TH 2340 E 8th (Chula Vista),
,
PCASE00,HPLJM525
PCASE01,CLS700E
PCASE02,CLS700E
5651 Copley Drive 1st floor,
,
CCOP100,HVAC
ECOP100,APITA500
ECOP101,APITA500
ECOP102,APITA500
ECOP103,APITA500
PCOP100,MXB476W
PCOP101,HPLJCP2025
PCOP102,HPLJ4350
PCOP103,HPLJM454DN
PCOP104,HPLJP4515
PCOP105,MXB376W
PCOP106,MX4070
PCOP107,HPLJM507
PCOP108,HPLJM507
PCOP109,HPLJM507
PCOP10A,HPLJ4350
PCOP10B,MXB476W
PCOP10C,HPLJP4515
PCOP10D,HPLJM551
PCOP10E,MX3071
PCOP10F,HPLJP4515
PCOP10G,HPLJ4350
PCOP10H,MX3071
PCOP10J,MX6070N
PCOP10K,HPLJM454DN
PCOP10M,MX6070N
PCOP10N,HPLJM608
PCOP10P,MX5071
PCOP10Q,HPLJM608
PCOP10R,HPLJCP2025
PCOP10S,HPLJP4515
PCOP10T,MX6070N
PCOP10U,MX6070N
PCOP10V,HPLJCP3505N
PCOP10W,MX5071
PCOP10X,CLS700E
PCOP10Y,HPLJM608
PCOP10Z,CLS700E
PCOP110,HPLJ4350
PCOP111,MX4071
PCOP112,HPLJM611
PCOP113,HPLJM608
PCOP114,MX4071
PCOP115,HPLJP4515
PCOP116,HPLJP4515
PCOP117,MXM4071
PCOP118,MX5071
PCOP119,MX5071
PCOP11A,MX3071
PCOP11B,HPLJM551
PCOP11C,HPLJCP2025
PCOP11D,MX5071
PCOP11E,MX4071
PCOP11F,HPLJM611
PCOP11G,HPLJP4515
PCOP11M,MX6070N
PCOP11N,MX6070N
PCOP11P,HPLJM553
PCOP11R,HPLJ4350
PCOP11S,CLS700E
PCOP11T,CLS700E
PCOP11U,MXB476W
PCOP11V,HPLJM611
PCOP11W,HPLJM608
PCOP11X,MXB355W
PCOP11Y,MX5071
PCOP11Z,CLS700E
PCOP120,HPLJP4515
PCOP121,CLS700E
PCOP122,CLS700E
PCOP123,CLS700E
PCOP124,CLS700E
PCOP125,HPLJM608
PCOP126,MX6070N
PCOP127,HPLJP4515
PCOP128,MXB355W
PCOP129,CLS700E
PCOP12A,HPLJM507
PCOP12B,CLS700E
PCOP12C,CLS700E
PCOP12D,CLS700E
PCOP12E,CLS700E
PCOP12F,CLS700E
PCOP12G,HPLJM611
PCOP12H,CLS700E
PCOP12K,MX6070N
PCOP12M,CLS700E
PCOP12N,CLS700E
PCOP12P,HPLJM553
PCOP12Q,CLS700E
PCOP12R,HPLJP4515
PCOP12S,MXB355W
PCOP12T,CLS700E
PCOP12U,MXB376W
PCOP12V,HPLJM608
PCOP12X,HPLJM507
PCOP12Y,HPLJM608
PCOP12Z,HPLJM551
PCOP130,HPLJCP3505N
PCOP132,HPLJM608
PCOP133,MXC301W
PCOP135,HPLJM553
5651 Copley Drive 2nd floor,
,
PCOP200,MX6070N
PCOP201,MXB476W
PCOP202,MXB476W
PCOP203,MXB476W
PCOP204,HPLJP4515
PCOP205,MX6070N
PCOP207,HPLJM525
PCOP20A,MXM4071
PCOP20B,HPLJM608
Sharp Coronado Hospital,
,
BCORH00,LS4004I
BCORH01,LS4004I
BCORH02,LS4004I
CCORH00,HVAC
CCORH01,HVAC
CCORH02,HVAC
CCORH03,HVAC
CCORH04,HVAC
CCORH05,HVAC
CCORH06,HVAC
CCORH07,HVAC
CCORH08,HVAC
CCORH09,HVAC
CCORH0A,HVAC
CCORH0B,HVAC
CCORH0C,HVAC
DCORH00,LynxDispatcher
ECORH00,APITA500
ECORH01,APITA500
ECORH02,APITA500
ECORH03,APITA500
ECORH04,APITA500
ECORH05,APITA500
ECORH06,APITA500
ECORH07,APITA500
ECORH08,APITA500
ECORH09,APIDE110
ECORH0A,APIDE110
ECORH0B,APITA500
ICORH00,PYXIS
ICORH01,PYXIS
ICORH02,PYXIS
ICORH03,PYXIS
ICORH04,PYXIS
ICORH05,PYXIS
ICORH06,PYXIS
ICORH07,PYXIS
ICORH08,PYXIS
PCORH00,HPLJM507
PCORH01,MXB355W
PCORH02,HPLJP4515
PCORH03,CLS700E
PCORH04,HPLJM507
PCORH05,HPLJM608
PCORH06,HPLJM608
PCORH07,HPLJP4515
PCORH08,HPLJM608
PCORH09,HPLJM608
PCORH0A,CLS700E
PCORH0B,HPLJM452DN
PCORH0C,HPLJM507
PCORH0D,HPLJM452DN
PCORH0E,HPLJM608
PCORH0F,HPLJM608
PCORH0G,HPLJM525
PCORH0H,HPLJM507
PCORH0I,HPLJM553
PCORH0J,HPLJM608
PCORH0K,HPLJM608
PCORH0L,HPLJM454DN
PCORH0M,HPLJM608
PCORH0N,HPLJM608
PCORH0O,HPLJM608
PCORH0P,MXB376W
PCORH0Q,CLS700E
PCORH0R,HPLJM608
PCORH0S,HPLJM611
PCORH0T,HPLJM507
PCORH0U,HPLJM608
PCORH0V,HPLJM608
PCORH0W,HPLJM608
PCORH0X,HPLJM553
PCORH0Y,CLS700E
PCORH0Z,HPLJP4515
PCORH10,QL220plus
PCORH11,HPLJP4515
PCORH12,MX6071
PCORH13,CLS700E
PCORH14,HPLJM454DN
PCORH15,HPLJM608
PCORH16,MXM565N
PCORH17,CLS700E
PCORH18,CLS700E
PCORH19,HPLJM507
PCORH1A,CLS700E
PCORH1B,CLS700E
PCORH1C,HPLJ4350
PCORH1D,CLS700E
PCORH1E,CLS700E
PCORH1F,HPLJM525
PCORH1G,CLS700E
PCORH1H,HPLJM608
PCORH1J,HPLJM608
PCORH1K,HPLJP4515
PCORH1M,LG15
PCORH1N,HPLJM507
PCORH1P,MX3070
PCORH1Q,CLS700E
PCORH1R,HPLJM525
PCORH1S,MXB476W
PCORH1T,HPLJM608
PCORH1U,HPLJM507
PCORH1V,HPLJM507
PCORH1W,MXB355W
PCORH1X,CLS700E
PCORH1Y,CLS700E
PCORH1Z,MX5070N
PCORH20,CLS700E
PCORH21,CLS700E
PCORH22,CLS700E
PCORH23,CLS700E
PCORH24,HPLJM507
PCORH25,CLS700E
PCORH26,CTS801
PCORH27,HPLJM608
PCORH28,CLS700E
PCORH29,CLS700E
PCORH2A,MXB376W
PCORH2B,MXB376W
PCORH2C,HPLJP4515
PCORH2D,CTS801
PCORH2E,CLS700E
PCORH2F,CLS700E
PCORH2G,HPLJM608
PCORH2H,CLS700E
PCORH2J,CLS621
PCORH2K,CLS700E
PCORH2M,CLS621
PCORH2N,MXM7570
PCORH2P,HPLJM608
PCORH2Q,HPLJM452DN
PCORH2R,HPLJ4350
PCORH2S,CLS700E
PCORH2T,HPLJM608
PCORH2U,HPLJM608
PCORH2V,CLS700E
PCORH2W,HPLJ4350
PCORH2X,CLS700E
PCORH2Y,HPLJP4515
PCORH2Z,MXB476W
PCORH30,HPLJCP2025
PCORH31,HPLJM553
PCORH32,CLS700E
PCORH33,CLS700E
PCORH34,CLS700E
PCORH35,HPLJM608
PCORH36,HPLJM608
PCORH37,HPLJM454DN
PCORH38,HPLJM608
PCORH39,CLS700E
PCORH3A,MXB402
PCORH3B,MXM4071
PCORH3C,HPLJ4350
PCORH3D,HPLJ4350
PCORH3E,MX4071
PCORH3F,HPLJM608
PCORH3G,MX5071
PCORH3H,MX5071
PCORH3J,MXB476W
PCORH3K,HPLJP4515
PCORH3M,MX6071
PCORH3N,MXB476W
PCORH3P,HPLJM454DN
PCORH3Q,MX6071
PCORH3R,MX3071
PCORH3S,MX4070
PCORH3T,MXB376W
PCORH3U,HPLJM553
PCORH3V,MXB376W
PCORH3W,MXB476W
PCORH3X,CLS700E
PCORH3Y,CLS700E
PCORH40,CLS700E
PCORH41,CLS700E
PCORH42,CLS703E
PCORH43,HPLJM454DN
PCORH44,HPLJM507
PCORH45,HPLJM608
PCORH46,MXB402
PCORH47,CLS700E
PCORH48,HPLJM507
PCORH49,CLS700E
PCORH4A,CLS621
PCORH4B,MXC303W
PCORH4C,CLS700E
PCORH4D,HPLJM507
PCORH4E,HPLJM506
PCORH4F,HPLJ5550
PCORH4G,CLS700E
PCORH4H,HPLJM608
PCORH4J,HPLJCP2025
PCORH4K,MXC303W
PCORH4M,HPLJM454DN
TCORH00,DS900
Chula Vista Birch Patrick,
,
ECVBP00,APITA500
PCVBP00,CLS700E
PCVBP02,CLS700E
PCVBP03,HPLJM608
Chula Vista Cancer Center,
,
ECVCC00,APITA500
ECVCC01,APITA500
PCVCC00,MXB376W
PCVCC01,MXB355W
PCVCC02,MXB476W
PCVCC03,MXB355W
PCVCC04,HPLJCP2025
PCVCC05,HPLJP4515
PCVCC06,MXB355W
PCVCC07,MXB355W
PCVCC08,MXB376W
PCVCC09,MXB355W
PCVCC0A,CLS700E
PCVCC0B,CLS700E
PCVCC0C,CLS700E
PCVCC0D,CLS700E
PCVCC0E,MXM465
PCVCC0F,MX4071
PCVCC0G,HPLJM454DN
PCVCC0H,CLS700E
PCVCC0J,HPLJM454DN
PCVCC0K,HPLJM454DN
Chula Vista Medical Office Building,
,
ECVMB00,APITA500
PCVMB00,HPLJM507
PCVMB01,MXB476W
PCVMB02,MXB376W
PCVMB03,HPLJ4350
PCVMB04,HPLJM608
PCVMB05,HPLJP4515
PCVMB06,HPLJM608
PCVMB07,MXB476W
PCVMB08,HPLJM608
PCVMB09,HPLJM608
PCVMB0A,HPLJCP4525DN
PCVMB0B,CLS700E
PCVMB0D,HPLJCP3505N
PCVMB0E,HPLJP4515
PCVMB0F,HPLJM452DN
PCVMB0G,CLS700E
PCVMB0H,HPLJM452DN
TCVMB00,DS900
Sharp Chula Vista Ocean View Tower,
,
BCVOV00,APITA500
BCVOV01,APITA500
BCVOV02,APITA500
BCVOV03,APIDE110
BCVOV04,APITA500
BCVOV05,APITA500
BCVOV06,APITA500
BCVOV07,APITA500
BCVOV08,APITA500
BCVOV09,APITA500
PCVOV00,HPLJM506
PCVOV01,HPLJM506
PCVOV02,MXB355W
PCVOV03,HPLJM506
PCVOV05,CLS700E
PCVOV06,HPLJM506
PCVOV07,MXB355W
PCVOV08,HPLJM608
PCVOV09,CLS700E
PCVOV0A,HPLJM608
PCVOV0B,HPLJM608
PCVOV0C,CLS700E
PCVOV0E,MXC303W
PCVOV0F,HPLJM454DN
PCVOV0G,HPLJM608
PCVOV0H,HPLJM506
PCVOV0J,HPLJM608
PCVOV0M,MX6071
PCVOV0N,MXC303W
PCVOV0P,HPLJM608
PCVOV0Q,CLS703E
PCVOV0R,CLS700E
PCVOV0S,CLS700E
PCVOV0T,CLS700E
PCVOV0U,MXB355W
PCVOV0V,HPLJM506
PCVOV0W,HPLJM608
PCVOV0X,HPLJM608
PCVOV0Y,HPLJM608
PCVOV0Z,CLS700E
PCVOV10,MXB355W
PCVOV11,HPLJM506
PCVOV12,CLS700E
PCVOV13,CLS700E
PCVOV14,MXB355W
PCVOV15,MXM7570
PCVOV16,HPLJM553
PCVOV17,MXB355W
PCVOV18,CLS700E
PCVOV19,CLS700E
PCVOV1A,HPLJM608
PCVOV1B,HPLJM608
PCVOV1C,CLS700E
PCVOV1D,CLS700E
PCVOV1E,HPLJM608
PCVOV1F,HPLJM608
PCVOV1G,CLS700E
PCVOV1H,HPLJM608
PCVOV1J,MXB355W
PCVOV1K,HPLJM608
PCVOV1M,CLS700E
PCVOV1N,CLS700E
PCVOV1P,MXB355W
PCVOV1Q,HPLJM553
PCVOV1R,HPLJM608
PCVOV1S,HPLJM608
PCVOV1T,HPLJM608
PCVOV1U,MXM4070
PCVOV1V,CLS700E
PCVOV1W,MXB355W
PCVOV1X,HPLJM553
PCVOV1Y,HPLJM553
PCVOV1Z,HPLJM608
PCVOV20,CLS700E
PCVOV21,CLS700E
PCVOV22,MXB355W
PCVOV23,MXM7570
PCVOV24,HPLJM608
PCVOV25,HPLJM608
PCVOV26,HPLJM608
PCVOV27,HPLJM452DN
PCVOV28,MXM7570
PCVOV29,HPLJM608
PCVOV2A,HPLJM608
PCVOV2B,HPLJM553
PCVOV2C,HPLJM452DN
PCVOV2D,HPLJM608
PCVOV2E,CLS700E
PCVOV2F,CLS700E
PCVOV2G,MXB355W
PCVOV2H,HPLJM608
PCVOV2J,HPLJM553
PCVOV2K,CTS801
PCVOV2M,CTS801
PCVOV2N,CTS801
PCVOV2P,CTS801
PCVOV2Q,CTS801
PCVOV2R,CTS801
PCVOV2S,MX6071
PCVOV2T,CTS801
PCVOV2V,HPLJM506
PCVOV2W,HPLJM608
PCVOV2X,CLS700E
PCVOV2Y,CLS700E
PCVOV2Z,CLS700E
PCVOV30,HPLJM506
PCVOV31,HPLJM608
PCVOV32,CLS703E
PCVOV33,HPLJM452DN
PCVOV34,CLS700E
PCVOV35,HPLJCP2025
Sharp Chula Vista Hospital Physical Therapy (752),
,
ECVPT00,APITA500
PCVPT00,HPLJM507
PCVPT01,MXB402
PCVPT02,MXC303W
PCVPT03,HPLJM454DN
PCVPT06,CLS700E
PCVPT07,MX5071
SDDR JV Imaging - Eastlake,
,
TELJV00,DS900
Fletcher Home Health,
,
EFHH100,APITA500
PFHH100,HPLJM507
PFHH101,MX3071
PFHH102,HPLJM507
PFHH103,HPLJ4350
PFHH104,HPLJM608
PFHH105,MXB376W
PFHH106,HPLJM611
PFHH107,HPLJ4350
PFHH108,MX6071
PFHH109,HPLJ4350
PFHH10A,HPLJM507
PFHH10B,HPLJCP2025
PFHH10D,HPLJM507
PFHH10E,HPLJM507
PFHH10F,HPLJM454DN
PFHH10G,HPLJP4515
PFHH10H,HPLJP4515
PFHH10J,HPLJP4515
PFHH10K,HPLJM507
PFHH10M,HPLJM507
PFHH10N,HPLJM525
7910 Frost St Cambridge Bldg,
,
PFS1000,HPLJP4515
PFS1001,HPLJM507
PFS1003,MXC303W
PFS1004,HPLJM507
PFS1006,HPLJM452DN
PFS100G,HPLJ2605N
7930 Frost St,
,
EFS3000,APITA500
EFS3001,APITA500
PFS3000,HPLJM507
PFS3001,MXC303W
PFS3002,MXB355W
PFS3003,HPLJM551
PFS3004,HPLJM525
PFS3005,CLS700E
PFS3006,HPLJ4350
PFS3007,MXB355W
PFS3009,HPLJM551
PFS300A,HPLJM551
PFS300B,HPLJM553
PFS300C,HPLJM551
PFS300D,MX5071
PFS300E,HPLJM553
PFS300F,HPLJM608
PFS300G,HPLJM452DN
PFS300H,HPLJM507
PFS300J,HPLJM506
PFS300K,HPLJM452DN
PFS300M,HPLJM553
PFS300N,HPLJP4515
PFS300P,MX3071
PFS300Q,HPLJM553
PFS300R,HPLJM507
PFS300S,HPLJM611
PFS300T,MXM465
PFS300V,HPLJM608
PFS300W,HPLJM551
PFS300X,HPLJM553
PFS300Y,HPLJM553
PFS300Z,HPLJM603
PFS3011,MXB476W
PFS3012,HPLJCP2025
PFS3013,HPLJM452DN
PFS3014,CLS700E
PFS3015,MX3071
PFS3017,HPLJM608
8010 Frost St,
,
EFS8100,APITA500
EFS8101,APITA500
EFS8102,APITA500
EFS8103,APITA500
EFS8104,APITA500
EFS8105,APITA500
EFS8106,APITA500
EFS8107,APITA500
PFS8100,CLS700E
PFS8101,HPLJM608
PFS8102,HPLJM506
PFS8103,HPLJ4350
PFS8104,MXB376W
PFS8105,MXC303W
PFS8106,HPLJM525
PFS8107,MX5071
PFS8108,MXB376W
PFS8109,HPLJ4350
PFS810A,MXB376W
PFS810B,MXB355W
PFS810C,HPLJM608
PFS810D,HPLJM506
PFS810E,HPLJM608
PFS810F,HPLJM507
PFS810G,HPLJM608
PFS810H,CLS700E
PFS810J,CLS700E
PFS810K,HPLJM551
PFS810M,MXB376W
PFS810N,MX5071
PFS810P,MXC301W
PFS810Q,CLS700E
PFS810R,MXB402
PFS810S,HPLJM608
PFS810T,MXB355W
PFS810U,MX3071
PFS810V,CLS700E
PFS810W,CLS700E
PFS810X,HPLJ4350
PFS810Y,CLS700E
PFS810Z,CLS700E
PFS8110,HPLJM611
PFS8111,MXB355W
PFS8112,MXB376W
PFS8113,HPLJM454DN
PFS8114,MX4071
PFS8115,HPLJM525
PFS8116,HPLJM525
PFS8117,HPLJM555
PFS8118,HPLJM608
PFS8119,MXB376W
PFS811A,HPLJM608
PFS811B,MXB376W
PFS811C,HPLJM553
PFS811D,CLS700E
PFS811E,CLS700E
PFS811F,CLS700E
PFS811G,HPLJM507
PFS811H,CLS700E
PFS811J,CLS621
PFS811K,CLS700E
PFS811M,MXB376W
PFS811N,MXB376W
PFS811P,HPLJM608
PFS811Q,HPLJM608
PFS811R,CLS700E
Sharp Rees-Stealy 8010 Frost St North,
,
EFSN00,APITA500
PFSN00,HPLJM525
PFSN01,MXC303W
PFSN02,MXC301W
PFSN03,HPLJM525
PFSN04,CLS700E
PFSN05,HPLJM603
PFSN06,MXB355W
PFSN07,CLS700E
PFSN08,HPLJM525
PFSN09,HPLJM603
PFSN0A,CLS700E
PFSN0B,HPLJM525
Sharp Grossmont Hospital Briar Patch Building,
,
EGHBP00,APITA500
EGHBP01,APITA500
PGHBP00,HPLJP4515
PGHBP01,HPLJM454DN
PGHBP02,CLS700E
PGHBP03,HPLJM608
PGHBP04,MXB476W
PGHBP05,HPLJM507
PGHBP06,CLS703E
PGHBP07,MXM4071
PGHBP08,MXM4071
PGHBP09,HPLJP4515
PGHBP0A,HPLJP4515
PGHBP0B,HPLJM525
PGHBP0C,MXB376W
PGHBP0D,HPLJM608
PGHBP0E,CLS700E
PGHBP0F,HPLJM507
PGHBP0G,HPLJP4515
PGHBP0H,HPLJM608
PGHBP0J,HPLJM452DN
PGHBP0K,HPLJP4515
PGHBP0M,CLS700E
PGHBP0N,HPLJM553
PGHBP0P,HPLJM425dn
PGHBP0Q,HPLJM553
PGHBP0R,CLS700E
PGHBP0S,HPLJP4515
PGHBP0T,MXB355W
PGHBP0V,HPLJP4515
PGHBP0W,MXB402
PGHBP0X,FUJI FM DPL
PGHBP0Y,HPLJM507
PGHBP0Z,HPLJP4515
PGHBP10,HPLJM608
PGHBP11,HPLJM608
PGHBP12,HPLJP4515
PGHBP13,HPLJM454DN
PGHBP14,HPLJ4350
PGHBP15,HPLJM553
PGHBP16,HPLJM608
PGHBP17,HPLJM454DN
PGHBP18,HPLJM454DN
PGHBP19,CLS700E
PGHBP1A,MXB376W
PGHBP1B,CLS700E
PGHBP1C,HPLJM454DN
PGHBP1D,MXB476W
PGHBP1E,MX4071
PGHBP1F,HPLJM452DN
PGHBP1G,MXB476W
PGHBP1H,MX3071
PGHBP1J,MX3071
PGHBP1K,MX5071
PGHBP1M,MX4071
PGHBP1P,MX3071
Sharp Grossmont Hospital Cancer Center,
,
EGHCC00,APITA500
EGHCC01,APITA500
PGHCC00,HPLJP4515
PGHCC01,MXC303W
PGHCC02,MX3071
PGHCC03,HPLJM553
PGHCC04,MXB476W
PGHCC05,HPLJM507
PGHCC06,HPLJP4515
PGHCC07,HPLJM553
PGHCC08,HPLJM454DN
PGHCC09,HPLJM608
PGHCC0A,CLS700E
PGHCC0B,HPLJM553
PGHCC0C,HPLJP4515
PGHCC0D,HPLJM608
PGHCC0E,HPLJM553
PGHCC0F,MXC303W
PGHCC0H,HPLJM553
PGHCC0J,HPLJM553
Sharp Grossmont Hospital Rehab,
,
EGHRH00,APITA500
EGHRH01,APITA500
PGHRH00,HPLJM608
PGHRH01,MX6071
PGHRH02,HPLJM452DN
PGHRH03,HPLJM608
PGHRH04,HPLJM608
PGHRH05,HPLJ4350
PGHRH06,CLS700E
PGHRH07,CLS700E
PGHRH08,HPLJM454DN
SGR Heart and Vascular Building 1st floor,
,
PGHV100,MXC301W
PGHV101,MXC301W
PGHV102,MXC301W
PGHV103,MXC301W
PGHV104,MX5070N
PGHV105,HPLJM608
PGHV106,HPLJM608
PGHV107,HPLJM608
PGHV108,HPLJM608
PGHV109,HPLJM608
PGHV10A,HPLJM608
PGHV10B,CLS700E
PGHV10C,CLS700E
PGHV10D,CLS700E
PGHV10E,CLS700E
PGHV10F,CLS700E
PGHV10G,HPLJP4515
PGHV10H,HPLJM454DN
SGR Heart and Vascular Building level A,
,
EGHVA00,APITA500
EGHVA01,APITA500
EGHVA02,APITA500
EGHVA03,APITA500
PGHVA00,HPLJP4515
PGHVA01,HPLJP4515
PGHVA03,CLS700E
PGHVA04,HPLJP4515
PGHVA05,CLS700E
PGHVA06,CLS700E
PGHVA07,CLS700E
PGHVA08,HPLJM525
PGHVA09,HPLJM525
PGHVA0A,HPLJM452DN
PGHVA0B,CLS700E
PGHVA0C,CLS700E
PGHVA0D,CLS700E
PGHVA0E,CLS700E
PGHVA0F,CLS700E
PGHVA0G,CLS700E
PGHVA0H,HPLJP4515
PGHVA0J,CLS700E
PGHVA0K,CLS700E
PGHVA0M,HPLJM525
PGHVA0N,CLS700E
PGHVA0P,HPLJM525
PGHVA0Q,CLS700E
PGHVA0R,HPLJM608
PGHVA0S,CLS700E
PGHVA0T,HPLJP4515
PGHVA0U,HPLJM608
PGHVA0V,HPLJM608
PGHVA0W,CLS700E
PGHVA0X,CLS700E
PGHVA0Y,CLS700E
PGHVA0Z,CLS700E
PGHVA10,HPLJM608
PGHVA11,HPLJP4515
PGHVA12,CLS700E
PGHVA13,MXC303W
PGHVA14,HPLJP4515
PGHVA15,MXB376W
PGHVA16,CLS703E
PGHVA17,HPLJP4515
PGHVA18,HPLJM507
PGHVA19,HPLJM507
PGHVA1B,HPLJM551
PGHVA1C,HPLJM454DN
PGHVA1D,HPLJM454DN
PGHVA1E,HPLJM553
PGHVA1F,MX5071
PGHVA1G,MXB476W
PGHVA1H,HPLJP4515
PGHVA1J,CLS700E
PGHVA1K,HPLJM507
PGHVA1M,HPLJM608
PGHVA1N,HPLJM608
SGR Heart and Vascular Building level B,
,
CGHVB00,HVAC
PGHVB00,HPLJM507
Sharp Grossmont Hospital Womens,
,
EGHWC00,APITA500
EGHWC01,APITA500
EGHWC02,APITA500
EGHWC03,APITA500
EGHWC04,APITA500
PGHWC00,MXM465
PGHWC01,HPLJM608
PGHWC02,HPLJM608
PGHWC03,HPLJM608
PGHWC04,CLS621
PGHWC05,HPLJM608
PGHWC06,HPLJM553
PGHWC07,HPLJP4515
PGHWC08,HPLJM611
PGHWC0C,HPLJM608
PGHWC0E,CLS700E
PGHWC0F,HPLJM452DN
PGHWC0G,CLS700E
PGHWC0H,HPLJM553
PGHWC0J,HPLJP4515
PGHWC0K,HPLJM608
PGHWC0M,MX4071
PGHWC0N,MX4071
PGHWC0P,CLS700E
PGHWC0Q,MX4071
PGHWC0R,CLS700E
PGHWC0S,CLS700E
PGHWC0T,CLS700E
PGHWC0V,CLS700E
PGHWC0W,CLS700E
PGHWC0X,CLS700E
PGHWC0Y,HPLJM452DN
PGHWC0Z,HPLJM454DN
PGHWC10,HPLJM553
PGHWC11,MX5071
PGHWC13,HPLJM507
PGHWC15,HPLJM452DN
PGHWC17,MXM465
WGHWC00,BLVT164w
WGHWC01,BLVT164w
WGHWC02,BLVT164w
WGHWC03,BLVT164w
WGHWC04,BLVT164w
WGHWC05,BLVT164w
WGHWC06,BLVT164w
WGHWC07,BLVT164w
WGHWC08,BLVT164w
WGHWC09,BLVT164w
WGHWC0A,BLVT164w
WGHWC0B,BLVT164w
WGHWC0C,BLVT164w
WGHWC0D,BLVT164w
WGHWC0E,BLVT164w
WGHWC0F,BLVT164w
WGHWC0G,BLVT164w
WGHWC0H,BLVT164w
WGHWC0J,BLVT164w
WGHWC0K,BLVT164w
SGR Medical Arts Bldg 2nd floor,
,
EGMA200,APITA500
PGMA200,MX3071
PGMA201,HPLJM507
PGMA202,HPLJ4350
PGMA203,CLS700E
PGMA204,HPLJM452DN
PGMA205,HPLJM507
PGMA206,HPLJ4350
PGMA207,MXB402
PGMA209,HPLJM553
SGR Medical Arts Bldg 5th floor,
,
PGMA500,MX6071
PGMA501,HPLJ4250
PGMA502,HPLJ4250
PGMA503,CLS700E
SGR Medical Arts Bldg 6th floor,
,
CGMA600,HVAC
EGMA600,APITA500
PGMA600,MX4070
PGMA601,MXB402
PGMA602,HPLJP4515
PGMA603,HPLJM608
PGMA604,CLS700E
PGMA605,CLS700E
PGMA606,CLS700E
PGMA607,CLS700E
PGMA608,HPLJP4515
Grossmont Medical Center Building 1,
,
PGMC100,CLS700E
PGMC102,HPLJM551
PGMC103,HPLJM525
Grossmont Medical Center Building 2,
,
DGMC200,LynxDispatcher
Grossmont Medical Plaza,
,
BGMP100,LS4004I
BGMP101,LS4004I
BGMP103,LS4004I
BGMP104,LS4004I
BGMP105,LS4004I
BGMP107,LS4004I
EGMP100,APITA500
EGMP101,APITA500
EGMP102,APITA500
EGMP103,APITA500
PGMP100,CLS700E
PGMP101,HPLJM608
PGMP102,HPLJM507
PGMP104,HPLJM608
PGMP104,HPLJM608
PGMP105,CLS700E
PGMP107,CLS700E
PGMP108,CLS700E
PGMP109,MXM4071
PGMP10A,HPLJM608
PGMP10B,HPLJM611
PGMP10C,HPLJM507
PGMP10D,HPLJ4350
PGMP10E,HPLJM525
PGMP10F,HPLJM611
PGMP10G,HPLJM507
PGMP10H,HPLJ4350
PGMP10I,HPLJ4350
PGMP10J,HPLJM608
PGMP10K,HPLJM611
PGMP10M,HPLJM507
PGMP10P,CLS700E
PGMP10Q,MX5071
PGMP10S,HPLJM507
PGMP10T,MX5071
PGMP10U,CLS700E
PGMP10V,HPLJM608
PGMP10W,MXB476W
PGMP10X,MX5071
PGMP10Y,HPLJM608
PGMP10Z,MXM7570
PGMP110,MXB476W
PGMP111,CLS700E
PGMP112,HPLJM608
PGMP113,MXB402
PGMP114,HPLJP4515
PGMP115,MXC301W
PGMP116,MXC301W
PGMP117,CLS700E
PGMP118,CLS700E
PGMP119,CLS700E
PGMP11A,CLS700E
PGMP11B,CLS700E
PGMP11C,CLS700E
PGMP11D,CLS700E
PGMP11E,MXB476W
PGMP11F,HPLJP4515
PGMP11G,CLS700E
PGMP11H,HPLJM611
PGMP11J,CLS700E
PGMP11K,CLS700E
PGMP11M,HPLJP4515
PGMP11N,CLS700E
PGMP11P,MXB402
PGMP11Q,HPLJM611
PGMP11R,HPLJM608
PGMP11S,HPLJP4515
PGMP11T,HPLJM507
PGMP11U,HPLJM608
PGMP11V,HPLJM611
PGMP11W,CLS700E
PGMP11X,MXB476W
PGMP11Y,MX5071
PGMP11Z,HPLJP4515
PGMP120,HPLJM525
PGMP121,MX6071
PGMP122,MX5071
PGMP123,CLS700E
PGMP124,HPLJM525
PGMP125,HPLJM507
PGMP126,HPLJP4515
PGMP127,CLS700E
PGMP128,CLS700E
PGMP129,HPLJM507
PGMP12A,HPLJM608
PGMP12B,HPLJP4515
PGMP12C,HPLJM452DN
PGMP12D,HPLJP4515
PGMP12E,CLS700E
PGMP12F,MX3071
PGMP12G,HPLJM525
PGMP12H,MX6071
PGMP12J,HPLJCP2025
PGMP12K,HPLJM553
PGMP12M,HPLJM454DN
PGMP12N,HPLJM454DN
PGMP12P,HPLJM454DN
PGMP12R,MXC301W
PGMP12S,HPLJM454DN
PGMP12T,HPLJM454DN
PGMP12U,CLS700E
PGMP12V,HPLJM611
TGMP100,DS900
Grossmont Medical Terrace - 1st Floor,
,
PGMT100,HPLJM608
PGMT101,HPLJM507
PGMT102,HPLJM507
PGMT103,HPLJM507
PGMT104,CLS700E
PGMT105,HPLJM608
PGMT106,CLS700E
PGMT107,CLS700E
PGMT108,HPLJM608
PGMT109,CLS700E
PGMT10A,HPLJM608
PGMT10B,CLS700E
PGMT10C,HPLJM507
PGMT10D,CLS700E
PGMT10E,MXM465
PGMT10F,HPLJ4350
PGMT10G,CLS700E
PGMT10H,HPLJM525
PGMT10J,HPLJM454DN
PGMT10M,HPLJM454DN
Grossmont Medical Terrace - 2nd Floor,
,
EGMT200,APITA500
EGMT201,APITA500
EGMT202,APITA500
EGMT203,APITA500
EGMT204,APITA500
EGMT205,APITA500
PGMT200,CLS700E
PGMT201,CLS700E
PGMT202,HPLJM507
PGMT203,MX5071
PGMT204,MXB402
PGMT205,MXB376W
PGMT206,CLS621
PGMT207,MX3071
PGMT208,CLS700E
PGMT209,CLS700E
PGMT20A,CLS700E
PGMT20B,CLS700E
PGMT20C,CLS700E
PGMT20D,HPLJM452DN
PGMT20E,HPLJM452DN
PGMT20F,HPLJM507
PGMT20G,HPLJM454DN
PGMT20H,HPLJM452DN
Grossmont Medical Terrace - 4th Floor,
,
EGMT400,APITA500
Sharp Mary Birch Hospital,
,
EMBH100,APITA500
EMBH101,APITA500
EMBH102,APITA500
EMBH103,APITA500
EMBH104,APITA500
EMBH105,APITA500
EMBH106,APITA500
EMBH107,APITA500
EMBH108,APITA500
EMBH109,APITA500
EMBH10A,APITA500
EMBH10B,APITA500
EMBH10C,APITA500
EMBH10D,APITA500
EMBH10E,APITA500
EMBH10F,APITA500
EMBH10G,APITA500
EMBH10H,APITA500
EMBH10J,APITA500
EMBH10K,APITA500
EMBH10M,APITA500
EMBH10N,APITA500
EMBH10P,APITA500
EMBH10Q,APITA500
PMBH100,HPLJM454DN
PMBH101,HPLJM454DN
PMBH102,MXB355W
PMBH103,MXM4070
PMBH104,HPLJM507
PMBH105,MXB376W
PMBH106,HPLJ4350
PMBH107,HPLJM608
PMBH108,HPLJM507
PMBH109,HPLJ4250
PMBH10A,HPLJM507
PMBH10B,HPLJM608
PMBH10C,MXB355W
PMBH10D,HPLJ4350
PMBH10E,HPLJP4515
PMBH10F,HPLJM608
PMBH10G,CLS700E
PMBH10H,CLS700E
PMBH10J,HPLJM553
PMBH10K,HPLJ4350
PMBH10M,HPLJM507
PMBH10N,CLS700E
PMBH10O,HPLJM525
PMBH10P,CLS700E
PMBH10Q,CLS700E
PMBH10R,MXB355W
PMBH10S,CLS700E
PMBH10T,HPLJM525
PMBH10U,HPLJM608
PMBH10V,HPLJM525
PMBH10W,CLS700E
PMBH10X,HPLJM553
PMBH10Y,HPLJM608
PMBH10Z,CLS700E
PMBH110,CLS700E
PMBH111,HPLJ4350
PMBH112,HPLJ4350
PMBH113,HPLJ4350
PMBH114,CLS700E
PMBH115,HPLJCP2025
PMBH116,CLS700E
PMBH117,HPLJM608
PMBH118,MXC301W
PMBH119,CLS700E
PMBH11A,CLS700E
PMBH11B,CLS700E
PMBH11C,HPLJM555
PMBH11D,HPLJ4350
PMBH11E,HPLJM507
PMBH11F,CLS700E
PMBH11G,CLS700E
PMBH11H,HPLJM608
PMBH11J,HPLJM454DN
PMBH11K,HPLJP4515
PMBH11M,CLS700E
PMBH11N,CLS700E
PMBH11P,HPLJM507
PMBH11Q,HPLJM603
PMBH11R,HPLJM603
PMBH11S,MXB376W
PMBH11T,HPLJM454DN
PMBH11U,MXB376W
PMBH11V,HPLJM608
PMBH11W,HPLJM608
PMBH11X,HPLJM507
PMBH11Y,CLS700E
PMBH11Z,CLS700E
PMBH120,HPLJP4515
PMBH121,HPLJ4350
PMBH122,MXM7570
PMBH123,HPLJP4515
PMBH124,HPLJ4350
PMBH125,CLS700E
PMBH126,CLS700E
PMBH128,CLS700E
PMBH129,CLS700E
PMBH12A,CLS700E
PMBH12B,CLS700E
PMBH12C,HPLJ4350
PMBH12D,CLS700E
PMBH12E,CLS700E
PMBH12F,CLS700E
PMBH12H,HPLJM507
PMBH12J,HPLJM551
PMBH12K,HPLJM525
PMBH12M,HPLJM454DN
PMBH12N,CLS700E
PMBH12P,CLS700E
PMBH12R,HPLJ4350
PMBH12S,HPLJM525
PMBH12T,HPLJ4350
PMBH12U,MXB376W
PMBH12V,MXC301W
PMBH12W,HPLJCP2025
PMBH12X,HPLJM553
PMBH12Y,MXB355W
PMBH12Z,HPLJ4350
PMBH130,HPLJM553
PMBH132,HPLJM507
PMBH133,HPLJM553
PMBH134,HPLJP4515
PMBH135,CLS700E
PMBH136,HPLJP4515
PMBH137,HPLJM553
PMBH138,HPLJ4300
PMBH139,HPLJM611
PMBH13A,MXM4071
PMBH13B,CLS700E
PMBH13C,HPLJM608
PMBH13D,HPLJP4515
PMBH13E,HPLJP4515
PMBH13F,MX6071
PMBH13G,CLS700E
PMBH13H,CLS700E
PMBH13J,HPLJM553
PMBH13K,HPLJCP2025
PMBH13M,HPLJM452DN
PMBH13N,MXM465
PMBH13P,MXB355W
PMBH13Q,HPLJM611
PMBH13R,MXB355W
PMBH13S,HPLJCP2025
PMBH13T,MXB376W
PMBH13V,CLS700E
PMBH13W,MXB355W
PMBH13Z,MXB355W
PMBH140,MX3071
PMBH141,HPLJP4515
PMBH144,MXB376W
PMBH144,MXB376W
PMBH145,MXB355W
PMBH146,HPLJ4350
PMBH148,MXC301W
PMBH149,HPLJM553
PMBH14A,CLS700E
PMBH14B,CLS621
PMBH14C,CLS700E
PMBH14D,CLS700E
PMBH14E,CLS621
PMBH14F,CLS700E
PMBH14G,CLS700E
PMBH14H,MX5071
PMBH14J,HPLJM525
PMBH14K,CLS621
PMBH14M,CLS621
PMBH14N,HPLJM454DN
PMBH14P,HPLJM507
PMBH14Q,CLS621
PMBH14R,MX5071
PMBH14S,HPLJM603
PMBH14T,HPLJM603
PMBH14U,HPLJM525
PMBH14V,HPLJM525
PMBH14X,CLS700E
PMBH14Z,MXC301W
PMBH150,MX3071
PMBH151,CLS700E
PMBH152,CLS703E
PMBH154,HPLJM608
PMBH155,CLS621
PMBH157,CLS621
PMBH159,HPLJM608
PMBH15A,MX6071
PMBH15B,MXC301W
PMBH15C,CLS700E
PMBH15D,MXC303W
PMBH15F,HPLJM454DN
PMBH15H,MXM4071
PMBH15J,MXM7570
TMBH100,DS900
Enterprise Wide Mobile Printers,
,
PMBL100,QL220plus
PMBL101,QL220plus
PMBL102,QL220plus
PMBL103,ZQ610
PMBL104,QL220plus
PMBL105,ZQ610
PMBL106,QL220plus
PMBL107,ZQ610
PMBL108,QL220plus
PMBL109,QL220plus
PMBL10B,QL220plus
PMBL10B,QL220plus
PMBL10C,QL220plus
PMBL10D,ZQ610
PMBL10E,QL220plus
PMBL10F,ZQ610
PMBL10G,ZQ610
PMBL10H,QL220plus
PMBL10J,ZQ610
PMBL10K,QL220plus
PMBL10M,QL220plus
PMBL10N,QL220plus
PMBL10P,QL220plus
PMBL10Q,QL220plus
PMBL10R,QL220plus
PMBL10S,QL220plus
PMBL10T,QL220plus
PMBL10V,QL220plus
PMBL10X,ZQ610
PMBL10X,ZQ610
PMBL10Y,ZQ610
PMBL10Z,ZQ610
PMBL110,QL220plus
PMBL111,ZQ610
PMBL112,ZQ610
PMBL113,ZQ610
PMBL114,QL220plus
PMBL115,QL220plus
PMBL116,QL220plus
PMBL117,ZQ610
PMBL118,QL220plus
PMBL119,ZQ610
PMBL11A,ZQ610
PMBL11B,ZQ610
PMBL11C,QL220plus
PMBL11D,QL220plus
PMBL11E,QL220plus
PMBL11F,ZQ610
PMBL11G,QL220plus
PMBL11H,ZQ610
PMBL11J,QL220plus
PMBL11K,QL220plus
PMBL11M,ZQ610
PMBL11N,ZQ610
PMBL11P,ZQ610
PMBL11Q,QL220plus
PMBL11R,QL220plus
PMBL11S,QL220plus
PMBL11T,ZQ610
PMBL11U,ZQ610
PMBL11U,ZQ610
PMBL11V,QL220plus
PMBL11W,QL220plus
PMBL11X,QL220plus
PMBL11Y,ZQ610
PMBL11Z,QL220plus
PMBL120,QL220plus
PMBL121,ZQ610
PMBL122,QL220plus
PMBL123,QL220plus
PMBL124,QL220plus
PMBL125,QL220plus
PMBL126,QL220plus
PMBL127,QL220plus
PMBL128,QL220plus
PMBL129,ZQ610
PMBL12A,ZQ610
PMBL12B,QL220plus
PMBL12C,QL220plus
PMBL12D,QL220plus
PMBL12E,ZQ610
PMBL12F,QL220plus
PMBL12G,QL220plus
PMBL12H,ZQ610
PMBL12J,QL220plus
PMBL12K,ZQ610
PMBL12M,QL220plus
PMBL12N,QL220plus
PMBL12P,ZQ610
PMBL12Q,QL220plus
PMBL12R,ZQ610
PMBL12S,QL220plus
PMBL12T,QL220plus
PMBL12U,ZQ610
PMBL12V,ZQ610
PMBL12W,ZQ610
PMBL12X,QL220plus
PMBL12Y,ZQ610
PMBL12Z,ZQ610
PMBL130,ZQ610
PMBL131,QL220plus
PMBL132,QL220plus
PMBL133,QL220plus
PMBL134,ZQ610
PMBL135,ZQ610
PMBL136,QL220plus
PMBL137,ZQ610
PMBL138,QL220plus
PMBL139,QL220plus
PMBL13A,QL220plus
PMBL13B,ZQ610
PMBL13C,ZQ610
PMBL13D,ZQ610
PMBL13E,ZQ610
PMBL13F,ZQ610
PMBL13G,QL220plus
PMBL13H,QL220plus
PMBL13J,ZQ610
PMBL13K,ZQ610
PMBL13M,QL220plus
PMBL13N,ZQ610
PMBL13P,ZQ610
PMBL13Q,ZQ610
PMBL13R,ZQ610
PMBL13S,QL220plus
PMBL13T,ZQ610
PMBL13U,QL220plus
PMBL13V,ZQ610
PMBL13W,ZQ610
PMBL13X,QL220plus
PMBL13Y,ZQ610
PMBL13Z,QL220plus
PMBL140,QL220plus
PMBL141,ZQ610
PMBL142,ZQ610
PMBL143,QL220plus
PMBL144,ZQ610
PMBL145,ZQ610
PMBL146,ZQ610
PMBL147,ZQ610
PMBL148,ZQ610
PMBL149,ZQ610
PMBL14A,ZQ610
PMBL14B,ZQ610
PMBL14C,QL220plus
PMBL14D,ZQ610
PMBL14E,ZQ610
PMBL14F,ZQ610
PMBL14G,ZQ610
PMBL14H,ZQ610
PMBL14J,ZQ610
PMBL14K,ZQ610
PMBL14M,ZQ610
PMBL14N,ZQ610
PMBL14P,ZQ610
PMBL14Q,ZQ610
PMBL14R,ZQ610
PMBL14S,ZQ610
PMBL14T,ZQ610
PMBL14U,ZQ610
PMBL14V,ZQ610
PMBL14W,ZQ610
PMBL14X,ZQ610
PMBL14Y,ZQ610
PMBL14Z,ZQ610
PMBL150,ZQ610
PMBL151,ZQ610
PMBL152,ZQ610
PMBL153,ZQ610
PMBL154,ZQ610
PMBL155,ZQ610
PMBL156,ZQ610
PMBL157,ZQ610
PMBL158,ZQ610
PMBL159,ZQ610
PMBL15A,ZQ610
PMBL15B,ZQ610
PMBL15C,QL220plus
PMBL15D,QL220plus
PMBL15E,QL220plus
PMBL15E,QL220plus
PMBL15G,QL220plus
PMBL15H,QL220plus
PMBL15J,QL220plus
PMBL15K,QL220plus
PMBL15M,QL220plus
PMBL15N,QL220plus
PMBL15P,QL220plus
PMBL15P,QL220plus
PMBL15R,QL220plus
PMBL15S,QL220plus
PMBL15T,ZQ610
PMBL15U,QL220plus
PMBL15V,QL220plus
PMBL15X,QL220plus
PMBL15Y,QL220plus
PMBL15Z,QL220plus
(Defunct) Sharp Mission Park Cedar,
,
BMPCD06,LS4004I
Sharp Memorial Hospital Rehab Trailer,
,
EMRHT00,APITA500
PMRHT00,HPLJCP2025
PMRHT02,HPLJ4350
PMRHT06,HPLJM608
PMRHT07,HPLJM553
Sharp Mesa Vista East County Outpatient,
,
PMVEC00,HPLJM525
PMVEC01,MX6071
PMVEC02,MXB476W
PMVEC03,HPLJP4515
PMVEC04,HPLJM507
PMVEC05,HPLJP4515
PMVEC06,HPLJP4515
PMVEC07,HPLJP4515
PMVEC08,HPLJP4515
PMVEC09,CLS700E
PMVEC0A,HPLJM452DN
Sharp Mesa Vista Mid-City,
,
EMVMC00,APITA500
PMVMC00,HPLJM507
PMVMC01,HPLJ4350
PMVMC02,MXB402
PMVMC03,CLS700E
PMVMC04,CLS700E
PMVMC06,HPLJM608
PMVMC07,MXB476W
PMVMC08,MXB476W
Mesa Vista Vista Pacifica,
,
EMVVP00,APITA500
IMVVP00,PYXIS
PMVVP00,HPLJM507
PMVVP01,HPLJ4350
PMVVP02,HPLJ4350
PMVVP03,CLS700E
PMVVP04,HPLJM454DN
PMVVP05,HPLJM608
PMVVP06,HPLJP4515
PMVVP07,MX5071
PMVVP09,MX5071
PMVVP0A,HPLJM555
PMVVP0B,MXC303W
Outpatient Pavilion Basement,
,
EOPP000,APITA500
POPP000,HPLJ4350
POPP001,CLS700E
POPP002,CLS700E
POPP003,HPLJM553
POPP004,HPLJM507
POPP005,HPLJ4350
POPP006,HPLJP4515
POPP007,P750N
POPP008,HPLJCP2025
POPP009,HPLJM553
POPP00A,HPLJM608
POPP00B,MXM4071
POPP00C,MXB376W
POPP00D,HPLJM452DN
POPP00E,HPLJ4350
POPP00F,HPLJM608
POPP00G,HPLJM551
POPP00H,HPLJM454DN
POPP00J,HPLJM454DN
POPP00K,HPLJCP2025
Outpatient Pavilion 1st Floor,
,
EOPP100,APITA500
POPP100,CLS700E
POPP101,HPLJM611
POPP102,HPLJM507
POPP103,HPLJM551
POPP104,HPLJM608
POPP105,CLS700E
POPP108,HPLJM507
POPP10A,HPLJM608
POPP10B,HPLJM525
POPP10C,MXC301W
POPP10D,HPLJM555
POPP10F,MXC303W
POPP10H,MXB476W
POPP10J,MX4071
Outpatient Pavilion 2nd Floor,
,
BOPP200,LS4004I
BOPP201,LS4004I
BOPP202,LS4004I
BOPP203,LS4004I
BOPP204,LS4004I
BOPP205,LS4004I
EOPP200,APITA500
POPP200,HPLJM452DN
POPP201,MXC301W
POPP202,HPLJM608
POPP203,HPLJM608
POPP204,HPLJM507
POPP205,HPLJM507
POPP206,MX5071
POPP207,HPLJM507
POPP208,HPLJM525
POPP209,FUJI FM DPL
POPP20A,HPLJM608
POPP20B,CLS700E
POPP20C,CLS700E
POPP20D,MX4071
POPP20E,HPLJM608
POPP20F,CLS700E
POPP20H,HPLJM507
POPP20J,CLS700E
POPP20K,CLS700E
POPP20M,HPLJM608
POPP20N,MXC303W
POPP20P,CLS700E
POPP20Q,HPLJM608
POPP20R,CLS700E
Outpatient Pavilion 3rd Floor,
,
EOPP300,APITA500
EOPP301,APITA500
POPP300,HPLJM525
POPP301,HPLJM611
POPP302,HPLJ4350
POPP303,HPLJM608
POPP304,CLS700E
POPP305,HPLJCP2025
POPP306,HPLJM608
POPP307,HPLJM454DN
POPP308,HPLJM507
POPP30A,CLS700E
POPP30B,HPLJM608
POPP30C,CLS700E
POPP30D,HPLJP4515
POPP30E,HPLJM452DN
POPP30F,HPLJM525
POPP30G,HPLJM507
POPP30H,MX5071
POPP30J,HPLJM452DN
POPP30K,MXC301W
POPP30M,MX3071
POPP30N,MX3071
POPP30P,HPLJM452DN
POPP30Q,CLS700E
POPP30R,MXB376W
Outpatient Pavilion 4th Floor,
,
COPP400,HVAC
COPP401,HVAC
COPP402,HVAC
EOPP400,APITA500
POPP400,MXB355W
POPP401,HPLJM507
POPP402,CLS700E
POPP403,CLS700E
POPP404,HPLJM553
POPP405,HPLJM525
POPP406,HPLJM507
POPP407,MXB355W
POPP408,MX5071
POPP409,CLS700E
POPP40A,CLS700E
POPP40B,HPLJM454DN
POPP40C,MXB355W
POPP40D,CLS700E
POPP40E,HPLJP4515
POPP40F,HPLJM611
POPP40G,HPLJM507
POPP40H,HPLJM452DN
POPP40J,HPLJM555
Sharp Rees-Stealy Chula Vista,
,
BRCVM00,LS4004I
BRCVM01,LS4004I
BRCVM03,LS4004I
ERCVM00,APITA500
ERCVM01,APITA500
PRCVM00,HPLJM608
PRCVM01,HPLJM454DN
PRCVM02,HPLJM507
PRCVM03,MXB476W
PRCVM04,HPLJP4515
PRCVM05,HPLJP4515
PRCVM06,HPLJM608
PRCVM07,MXB376W
PRCVM08,CLS700E
PRCVM09,HPLJM525
PRCVM0A,MXB355W
PRCVM0B,CLS700E
PRCVM0C,MXB355W
PRCVM0D,CLS700E
PRCVM0E,HPLJM452DN
PRCVM0F,HPLJ4350
PRCVM0H,MXB376W
PRCVM0J,HPLJP4515
PRCVM0K,CLS700E
PRCVM0M,HPLJM452DN
PRCVM0N,CLS700E
PRCVM0P,MX6071
PRCVM0Q,MX6071
PRCVM0R,HPLJM608
PRCVM0S,CLS700E
PRCVM0T,CLS700E
PRCVM0T,CLS700E
PRCVM0U,HPLJM452DN
PRCVM0V,CLS700E
PRCVM0W,MX6071
PRCVM0X,CLS700E
PRCVM0Y,CLS700E
PRCVM0Z,CLS700E
PRCVM10,MXM4071
PRCVM11,MXB376W
PRCVM12,HPLJM608
PRCVM13,MXB476W
PRCVM14,CLS700E
PRCVM15,HPLJM507
PRCVM16,HPLJM608
PRCVM17,HPLJM608
PRCVM18,HPLJM608
PRCVM19,CLS700E
PRCVM1A,MXB476W
PRCVM1B,HPLJM608
PRCVM1C,HPLJM608
PRCVM1D,HPLJM608
PRCVM1E,HPLJCP2025
PRCVM1F,HPLJM603
PRCVM1H,MXB476W
PRCVM1J,MX5071
PRCVM1K,HPLJP4515
PRCVM1M,MX3071
PRCVM1N,CLS700E
PRCVM1P,MXB355W
TRCVM00,DS900
Sharp Rees-Stealy Chula Vista Physical Therapy,
,
PRCVP00,CLS700E
PRCVP01,HPLJP4515
PRCVP03,HPLJM507
PRCVP04,MXB476W
PRCVP05,HPLJM452DN
Sharp Rees-Stealy Del Mar,
,
ERDM100,APITA500
PRDM100,HPLJP4515
PRDM101,MX6071
PRDM102,HPLJM452DN
PRDM103,HPLJM608
PRDM107,CLS700E
PRDM109,HPLJM611
PRDM10A,CLS700E
PRDM10B,HPLJM507
PRDM10C,HPLJP4515
Sharp Rees-Stealy Del Mar (Flower Hill Mall),
,
ERDMN00,APITA500
PRDMN00,HPLJM603
PRDMN01,HPLJM603
PRDMN02,HPLJM603
PRDMN03,HPLJM603
PRDMN04,HPLJM603
PRDMN05,HPLJM603
PRDMN06,HPLJM603
PRDMN07,HPLJP4515
PRDMN08,HPLJM603
PRDMN09,HPLJM603
PRDMN0A,CLS700E
PRDMN0B,CLS700E
PRDMN0C,CLS700E
PRDMN0D,CLS700E
PRDMN0E,CLS700E
PRDMN0F,CLS700E
PRDMN0G,CLS700E
PRDMN0H,CLS700E
PRDMN0J,MX4071
PRDMN0K,MXB476W
PRDMN0M,HPLJM525
PRDMN0N,HPLJM525
PRDMN0P,HPLJM525
PRDMN0Q,HPLJM525
PRDMN0R,MXB376W
PRDMN0S,MXB376W
PRDMN0T,MXB376W
PRDMN0U,HPLJM525
PRDMN0V,HPLJM525
PRDMN0W,HPLJM525
PRDMN0X,HPLJM525
PRDMN0Y,HPLJM525
PRDMN0Z,MXB476W
PRDMN10,MXB376W
PRDMN11,HPLJM454DN
Sharp Rees-Stealy Downtown - 1st Floor & Basement,
,
BRDT100,LS4004I
BRDT101,LS4004I
BRDT102,LS4004I
BRDT103,LS4004I
BRDT104,LS4004I
ERDT104,APITA500
ERDT105,APITA500
PRDT100,HPLJP4515
PRDT101,HPLJM553
PRDT102,HPLJ4300
PRDT103,HPLJCP2025
PRDT104,HPLJM553
PRDT105,MXC303W
PRDT107,MXB355W
PRDT108,HPLJ4350
PRDT10D,CLS700E
PRDT10E,HPLJ4350
PRDT10H,HPLJ4350
PRDT10T,HPLJP4515
PRDT10U,HPLJ4350
PRDT10Z,HPLJ4300
PRDT111,P350
PRDT113,EP800
PRDT11F,HPLJ4350
PRDT11N,HPLJP4515
PRDT11S,HPLJP4515
PRDT120,HPLJP4515
PRDT121,HPLJ4350
PRDT12D,CLS700E
PRDT12H,HPLJM507
PRDT12X,HPLJM603
PRDT136,HPLJP4515
PRDT13B,HPLJ4350
PRDT13E,MXB476W
PRDT13G,HPLJP4515
PRDT13J,HPLJP4515
PRDT13R,HPLJCP2025
PRDT13S,HPLJM525
PRDT13T,MXB376W
PRDT13U,HPLJM603
PRDT13V,HPLJM603
PRDT13W,HPLJM603
PRDT13X,HPLJM611
PRDT13Y,HPLJM611
PRDT13Z,HPLJM608
PRDT140,HPLJM603
PRDT141,HPLJM603
PRDT142,CLS700E
PRDT143,CLS700E
PRDT144,MX4071
PRDT145,HPLJM603
PRDT146,MXB376W
PRDT147,HPLJM603
PRDT148,HPLJM525
PRDT149,HPLJM603
PRDT14A,HPLJM603
PRDT14B,HPLJM603
PRDT14C,MXB402
PRDT14D,HPLJM454DN
PRDT14E,HPLJM603
PRDT14F,MXB355W
PRDT14G,MXB476W
TRDT100,DS900
TRDT101,DS900
Sharp Rees-Stealy Downtown - 2nd Floor,
,
ERDT200,APITA500
ERDT201,APITA500
ERDT202,APITA500
PRDT200,MXB355W
PRDT201,HPLJM553
PRDT202,MXB355W
PRDT203,HPLJM452DN
PRDT204,CLS700E
PRDT205,HPLJM603
PRDT207,HPLJM603
PRDT208,HPLJM608
PRDT209,HPLJM603
PRDT20A,HPLJM603
PRDT20B,MXB476W
PRDT20C,MXB476W
PRDT20D,HPLJM603
PRDT20E,HPLJM603
PRDT20F,HPLJM611
PRDT20G,HPLJCP2025
PRDT20H,HPLJM603
PRDT20J,HPLJM608
PRDT20K,CLS700E
PRDT20M,CLS700E
PRDT20N,CLS700E
PRDT20P,CLS700E
PRDT20Q,CLS700E
PRDT20R,CLS700E
PRDT20S,CLS700E
PRDT20U,HPLJM603
PRDT20V,CLS700E
PRDT20W,CLS700E
PRDT20X,MXM465
PRDT20Y,MX4071
PRDT20Z,MXM4071
PRDT210,HPLJCP2025
PRDT211,HPLJM603
PRDT213,RW8200
TRDT200,DS700
Sharp Rees-Stealy Downtown - 3rd Floor,
,
ERDT300,APITA500
ERDT301,APITA500
ERDT302,APITA500
PRDT300,MXC301W
PRDT301,HPLJM603
PRDT302,HPLJM603
PRDT303,HPLJM608
PRDT304,HPLJM608
PRDT305,HPLJM608
PRDT306,HPLJM603
PRDT307,CLS700E
PRDT308,CLS700E
PRDT309,CLS700E
PRDT30A,HPLJM507
PRDT30B,HPLJM603
PRDT30C,CLS700E
PRDT30D,MXB355W
PRDT30E,HPLJM603
PRDT30F,MXB355W
PRDT30G,MX5071
PRDT30H,HPLJ4350
PRDT30J,MX5071
PRDT30K,MX5071
Sharp Rees-Stealy El Cajon,
,
EREC100,APITA500
Sharp Rees-Stealy 8008 Frost St,
,
ERFS800,APITA500
ERFS801,APITA500
PRFS800,HPLJM454DN
PRFS801,HPLJ4350
PRFS802,HPLJ4350
PRFS803,MXB476W
PRFS804,CLS700E
PRFS805,MXM465
PRFS806,HPLJP4515
PRFS807,HPLJP4515
PRFS808,CLS700E
PRFS809,HPLJM608
PRFS80A,HPLJM608
PRFS80B,CLS700E
PRFS80C,HPLJM507
PRFS80D,HPLJM608
PRFS80E,HPLJM608
PRFS80F,HPLJM611
PRFS80G,HPLJP4515
PRFS80H,MXB355W
PRFS80J,MXB355W
PRFS80K,CLS700E
PRFS80M,CLS700E
Sharp Rees-Stealy 2020 Genesee Ave,
,
BRGEN01,LS4004I
BRGEN02,LS4004I
ERGEN00,APITA500
PRGEN00,HPLJ4350
PRGEN01,HPLJCP2025
PRGEN02,HPLJ4350
PRGEN03,HPLJM608
PRGEN04,CLS700E
PRGEN05,HPLJM507
PRGEN06,CLS700E
PRGEN07,HPLJM525
PRGEN08,HPLJM611
PRGEN0A,CLS700E
PRGEN0B,HPLJM608
PRGEN0C,HPLJM608
PRGEN0D,HPLJM608
PRGEN0E,MX4071
PRGEN0F,CLS700E
PRGEN0H,HPLJM507
PRGEN0J,CLS700E
PRGEN0K,CLS700E
PRGEN0M,CLS700E
PRGEN0N,MXC301W
PRGEN0P,HPLJ4350
PRGEN0Q,HPLJM603
PRGEN0R,HPLJM507
PRGEN0S,HPLJM525
PRGEN0T,CLS700E
PRGEN0U,MXC301W
PRGEN0V,CLS700E
PRGEN0W,HPLJ4350
PRGEN0X,HPLJM603
PRGEN0Y,HPLJM507
PRGEN0Z,MXB376W
PRGEN10,HPLJM608
PRGEN11,CLS700E
PRGEN12,MXC301W
PRGEN13,MXM4070
PRGEN14,CLS700E
PRGEN15,MX5071
PRGEN16,HPLJM507
PRGEN17,HPLJM611
PRGEN18,HPLJM603
PRGEN1A,HPLJM608
PRGEN1B,MX4071
PRGEN1C,MX6071
PRGEN1E,MX5071
Sharp Rees-Stealy La Mesa,
,
ERLMP00,APITA500
ERLMP01,APITA500
ERLMP02,APITA500
ERLMP03,APITA500
ERLMP04,APITA500
ERLMP05,APITA500
PRLMP00,HPLJM608
PRLMP01,CLS700E
PRLMP03,CLS700E
PRLMP05,HPLJM608
PRLMP06,HPLJM611
PRLMP07,HPLJM553
PRLMP08,HPLJM608
Sharp Rees-Stealy Murphy Canyon,
,
ERMC00,APITA500
ERMC01,APITA500
PRMC00,MX5071
PRMC01,HPLJ4350
PRMC02,CLS700E
PRMC03,MX6071
PRMC04,HPLJM507
PRMC05,HPLJM525
PRMC06,HPLJM525
PRMC07,HPLJM452DN
PRMC08,CLS700E
PRMC09,CLS700E
PRMC0A,HPLJM608
PRMC0C,HPLJM454DN
PRMC0D,HPLJP4515
PRMC0E,HPLJM608
PRMC0F,CLS700E
Sharp Rees-Stealy Mira Mesa East,
,
ERMME00,APITA500
ERMME01,APITA500
PRMME00,HPLJM603
PRMME02,MXB355W
PRMME03,HPLJM608
PRMME04,HPLJM603
PRMME05,HPLJP4515
PRMME06,CLS700E
PRMME07,HPLJM608
PRMME08,CLS700E
PRMME09,CLS700E
PRMME0A,HPLJCP4525DN
PRMME0B,HPLJM454DN
PRMME0J,MX5071
PRMME0U,HPLJP4515
PRMME0V,CLS700E
PRMME0Y,CLS700E
PRMME14,HPLJP4515
PRMME19,HPLJP4515
PRMME1A,HPLJP4515
PRMME1B,HPLJP4515
PRMME1D,HPLJP4515
PRMME1F,HPLJP4515
PRMME1H,HPLJP4515
PRMME1J,CLS700E
PRMME1M,CLS700E
PRMME1N,CLS700E
PRMME1P,CLS700E
PRMME1Q,MXB376W
PRMME1S,CLS700E
PRMME1U,HPLJM603
PRMME1V,CLS700E
PRMME1W,HPLJM603
PRMME1X,HPLJM603
PRMME1Y,HPLJ4350
PRMME1Z,MXB355W
PRMME20,HPLJM603
PRMME21,HPLJP4515
PRMME22,HPLJ4350
PRMME23,MX5071
PRMME24,MXB476W
PRMME25,MXB476W
PRMME26,MXB476W
PRMME27,MXB476W
PRMME28,MXB476W
PRMME29,HPLJP4515
PRMME2B,HPLJ4350
PRMME2C,MXB355W
Sharp Rees-Stealy Mira Mesa West,
,
BRMMW00,LS4004I
PRMMW00,HPLJM553
TRMMW00,DS900
Sharp Rees-Stealy Mission Valley,
,
PRMV100,HPLJM553
Sharp Rees-Stealy Point Loma,
,
PRPL100,LN14
PRPL101,HPLJM608
PRPL102,CLS700E
PRPL103,MXC303W
PRPL104,MXB476W
PRPL105,HPLJM525
PRPL106,HPLJ4350
PRPL107,HPLJ4350
PRPL109,CLS700E
PRPL10A,MX4071
PRPL10C,CLS700E
PRPL10D,HPLJP4515
PRPL10K,HPLJM608
Sharp Rees-Stealy Ranch Bernardo,
,
CRRB100,MT150
CRRB101,MT150
CRRB102,MT150
CRRB103,MT150
CRRB104,MT150
CRRB105,MT150
ERRB100,APITA500
ERRB101,APITA500
ERRB102,APITA500
PRRB100,HPLJ4350
PRRB101,HPLJM608
PRRB102,MX3071
PRRB103,HPLJ4350
PRRB104,HPLJ4350
PRRB105,HPLJM611
PRRB106,MXC301W
PRRB107,MXB376W
PRRB108,HPLJM507
PRRB109,HPLJP4515
PRRB10A,HPLJM608
PRRB10B,MXC301W
PRRB10C,HPLJM608
PRRB10D,HPLJ4350
PRRB10E,HPLJM611
PRRB10F,HPLJ4350
PRRB10G,HPLJM608
PRRB10H,HPLJM608
PRRB10J,CLS700E
PRRB10K,CLS700E
PRRB10M,MXB402
PRRB10N,HPLJM608
PRRB10O,MXB476W
PRRB10P,HPLJP4515
PRRB10Q,CLS700E
PRRB10R,MXB376W
PRRB10S,CLS700E
PRRB10T,HPLJP4515
PRRB10U,CLS700E
PRRB10V,CLS700E
PRRB10W,HPLJM608
PRRB10Y,MXM4071
PRRB10Z,CLS700E
PRRB110,CLS700E
PRRB111,MXB476W
PRRB112,MXM7570
PRRB113,MXB376W
PRRB114,HPLJM454DN
PRRB115,MXB376W
PRRB116,HPLJ2550
PRRB117,HPLJ4350
PRRB118,MX4071
PRRB119,HPLJM608
PRRB11A,HPLJM454DN
PRRB11B,HPLJM525
PRRB11C,MXB476W
PRRB11D,MXB476W
PRRB11E,HPLJ4350
PRRB11F,HPLJP4515
PRRB11G,CLS700E
PRRB11H,HPLJM608
PRRB11J,HPLJP4515
PRRB11K,CLS700E
PRRB11L,CLS700E
PRRB11M,HPLJP4515
PRRB11N,MXB376W
PRRB11P,MXB355W
PRRB11Q,OKI390
PRRB11R,OKI390
PRRB11S,OKI390
PRRB11T,HPLJM608
PRRB11U,HPLJM608
PRRB11V,MX4071
PRRB11W,HPLJ4350
PRRB11X,MXB476W
PRRB11Y,MXB376W
PRRB11Z,MXB476W
PRRB120,CLS700E
PRRB121,CLS700E
PRRB122,CLS700E
PRRB123,CLS700E
PRRB126,MXB355W
PRRB127,HPLJM608
PRRB128,HPLJ4350
PRRB129,HPLJM608
PRRB12A,HPLJM507
PRRB12B,MXB376W
PRRB12C,HPLJM608
PRRB12D,MXB376W
PRRB12E,MXB376W
PRRB12F,HPLJM608
PRRB12G,HPLJM608
PRRB12H,MXM365N
PRRB12J,MXB376W
PRRB12K,MXB402
PRRB12M,MXB376W
PRRB12N,HPLJ4350
PRRB12P,CLS700E
PRRB12Q,MXB376W
PRRB12R,MXB402
PRRB12S,MXB402
PRRB12T,MXB376W
PRRB12U,HPLJP4515
PRRB12V,HPLJP4515
PRRB12W,CLS700E
PRRB12X,CLS700E
PRRB12Y,MXB376W
PRRB12Z,MXB376W
PRRB130,CLS700E
PRRB131,MX4070
PRRB132,HPLJM608
PRRB133,MXB376W
PRRB134,CLS700E
PRRB135,HPLJM608
TRRB100,DS900
Sharp Rees-Stealy San Carlos - 1st Floor,
,
BRSC100,LS4004I
Sharp Rees-Stealy Medical Office Building,
,
BRSDM01,LS4004I
BRSDM03,LS4004I
ERSDM00,APITA500
ERSDM01,APITA500
ERSDM02,APITA500
PRSDM00,HPLJM525
PRSDM01,MX4071
PRSDM02,MX5071
PRSDM03,HPLJM608
PRSDM04,HPLJ4350
PRSDM05,CLS700E
PRSDM06,CLS700E
PRSDM07,CLS700E
PRSDM08,HPLJP4515
PRSDM09,HPLJ4350
PRSDM0A,HPLJM608
PRSDM0B,CLS700E
PRSDM0C,HPLJM507
PRSDM0D,CLS700E
PRSDM0E,HPLJP4515
PRSDM0F,HPLJM608
PRSDM0G,HPLJCP4525DN
PRSDM0H,HPLJ4350
PRSDM0I,HPLJ4350
PRSDM0J,HPLJM611
PRSDM0K,HPLJM608
PRSDM0M,HPLJM551
PRSDM0N,HPLJM553
PRSDM0P,HPLJM608
PRSDM0Q,HPLJM611
PRSDM0R,HPLJM608
PRSDM0S,HPLJM608
PRSDM0T,HPLJM608
PRSDM0U,HPLJM608
PRSDM0V,HPLJP4515
PRSDM0W,HPLJM608
PRSDM0X,CLS700E
PRSDM0Y,CLS700E
PRSDM0Z,CLS700E
PRSDM10,HPLJ2605N
PRSDM11,MX4071
PRSDM12,MX4071
PRSDM13,HPLJP4515
PRSDM14,MXC303W
PRSDM15,CLS700E
PRSDM16,CLS700E
PRSDM17,HPLJP4515
PRSDM18,HPLJM525
PRSDM19,CLS700E
PRSDM1A,HPLJP4515
PRSDM1B,HPLJM452DN
PRSDM1C,CLS700E
PRSDM1D,HPLJM611
PRSDM1E,HPLJM603
PRSDM1F,HPLJP4515
PRSDM1G,HPLJM525
PRSDM1H,MX5071
PRSDM1J,HPLJP4515
PRSDM1K,MXB376W
PRSDM1M,HPLJM525
PRSDM1N,HPLJM507
PRSDM1P,MX3071
PRSDM1Q,MXB476W
PRSDM1R,HPLJCP2025
PRSDM1S,HPLJM608
PRSDM1T,HPLJM507
PRSDM1U,HPLJP4515
PRSDM1V,CLS700E
PRSDM1W,MX6071
PRSDM1X,HPLJP4515
PRSDM1Y,HPLJM603
TRSDM00,DS900
Sharp Rees-Stealy Sorrento Mesa - 1st floor,
,
CRSM100,HVAC
ERSM100,APITA500
ERSM101,APITA500
ERSM102,APITA500
PRSM100,CLS700E
PRSM101,CLS700E
PRSM102,CLS700E
PRSM103,CLS700E
PRSM104,CLS700E
PRSM105,CLS700E
PRSM106,MXB355W
PRSM107,HPLJM603
PRSM108,HPLJM608
PRSM109,HPLJM603
PRSM10A,HPLJP4515
PRSM10B,HPLJM608
PRSM10C,MXB355W
PRSM10D,HPLJM507
PRSM10E,HPLJM603
PRSM10F,CLS700E
PRSM10G,HPLJM603
PRSM10H,HPLJM608
PRSM10J,HPLJM611
PRSM10K,CLS700E
PRSM10M,MXB355W
PRSM10N,HPLJM603
PRSM10P,HPLJM603
PRSM10Q,HPLJM611
PRSM10R,HPLJM603
PRSM10S,MXB476W
PRSM10T,MXB476W
PRSM10U,MXM4071
PRSM10V,MXB476W
PRSM10W,MXB476W
PRSM10X,HPLJ2500
PRSM10Y,CLS700E
PRSM10Z,CLS700E
PRSM110,MXB376W
PRSM112,HPLJM608
Sharp Rees-Stealy Sorrento Mesa - 2nd floor,
,
ERSM200,APITA500
ERSM201,APITA500
PRSM200,CLS700E
PRSM201,CLS700E
PRSM202,CLS700E
PRSM203,CLS700E
PRSM204,CLS700E
PRSM205,HPLJM611
PRSM206,HPLJM603
PRSM207,MXM4071
PRSM208,HPLJM611
PRSM209,MXB355W
PRSM20A,HPLJM603
PRSM20B,HPLJM611
PRSM20C,HPLJP4515
PRSM20D,HPLJM603
PRSM20E,HPLJM603
PRSM20F,HPLJM603
PRSM20G,MXB476W
PRSM20H,MX5071
PRSM20J,CLS700E
PRSM20K,CLS700E
PRSM20M,CLS700E
PRSM20N,HPLJM507
PRSM20P,HPLJM603
PRSM20Q,HPLJM603
PRSM20R,HPLJM603
PRSM20S,MXB476W
PRSM20T,MXB476W
PRSM20U,CLS700E
PRSM20V,HPLJM608
PRSM20W,CLS700E
PRSM20X,CLS700E
TRSM200,DS700
TRSM201,DS700
Sharp Rees-Stealy Sorrento Mesa - 3rd floor,
,
ERSM300,APITA500
ERSM301,APITA500
PRSM300,HPLJP4515
PRSM301,HPLJP4515
PRSM302,HPLJM603
PRSM303,HPLJM603
PRSM304,HPLJM507
PRSM305,HPLJM553
PRSM306,CLS700E
PRSM307,CLS700E
PRSM308,CLS700E
PRSM309,CLS700E
PRSM30A,MXB355W
PRSM30B,HPLJP4515
PRSM30C,MXM4071
PRSM30D,HPLJM603
PRSM30E,HPLJP4515
PRSM30F,HPLJM608
PRSM30G,HPLJP4515
PRSM30H,HPLJP4515
PRSM30J,HPLJM525
PRSM30K,HPLJP4515
PRSM30M,MX5071
PRSM30N,MXM4071
PRSM30P,MXB476W
PRSM30Q,MXB476W
PRSM30R,MX5071
PRSM30S,HPLJM603
PRSM30T,HPLJM603
PRSM30U,HPLJM603
PRSM30V,HPLJM608
PRSM30W,HPLJM525
PRSM30X,HPLJM454DN
Sharp Rees-Stealy Otay Ranch,
,
BRSOR00,LS4004I
BRSOR01,LS4004I
BRSOR03,LS4004I
BRSOR04,LS4004I
ERSOR00,APITA500
ERSOR01,APITA500
PRSOR00,MXB355W
PRSOR01,MXB402
PRSOR02,HPLJP4515
PRSOR03,HPLJM608
PRSOR04,MXB376W
PRSOR05,HPLJ4350
PRSOR06,HPLJP4515
PRSOR07,HPLJM608
PRSOR08,HPLJM608
PRSOR09,HPLJM608
PRSOR0A,HPLJ4350
PRSOR0B,HPLJP4515
PRSOR0C,HPLJM608
PRSOR0D,HPLJP4515
PRSOR0E,HPLJM608
PRSOR0F,MXB376W
PRSOR0G,HPLJM608
PRSOR0H,HPLJM608
PRSOR0J,HPLJM608
PRSOR0K,HPLJ4350
PRSOR0M,HPLJ4350
PRSOR0N,MX6071
PRSOR0O,HPLJ4350
PRSOR0P,HPLJM553
PRSOR0Q,HPLJP4515
PRSOR0R,CLS700E
PRSOR0S,CLS700E
PRSOR0T,CLS700E
PRSOR0U,HPLJCP4525DN
PRSOR0V,CLS700E
PRSOR0W,CLS700E
PRSOR0X,CLS700E
PRSOR0Y,HPLJCP2025
PRSOR0Z,MXB376W
PRSOR10,CLS700E
PRSOR11,CLS700E
PRSOR13,MX3071
PRSOR14,CLS700E
PRSOR15,HPLJM608
PRSOR17,MX3071
PRSOR17,MX3071
PRSOR18,CLS700E
PRSOR19,HPLJM608
PRSOR1A,HPLJP4515
PRSOR1B,HPLJM608
PRSOR1C,HPLJ4350
PRSOR1D,MXC303W
PRSOR1E,CLS700E
PRSOR1F,MX5071
PRSOR1G,MXB376W
PRSOR1H,MXB376W
PRSOR1J,MX5071
PRSOR1K,MXB376W
PRSOR1M,CLS700E
PRSOR1N,MX6071
PRSOR1P,MX5071
PRSOR1Q,HPLJM507
PRSOR1R,HPLJP4515
PRSOR1S,HPLJ4350
PRSOR1T,HPLJM525
PRSOR1U,CLS700E
PRSOR1V,CLS700E
PRSOR1W,HPLJCP2025
PRSOR1X,HPLJP4515
PRSOR1Y,HPLJM525
PRSOR1Z,MX5071
PRSOR20,HPLJ4250
PRSOR21,CLS700E
PRSOR22,MXB355W
PRSOR23,HPLJM603
TRSOR00,DS900
Sharp Rees-Stealy Scripps Ranch - 1st Floor (Pinnacle),
,
ERSR100,APITA500
ERSR101,APITA500
PRSR100,HPLJCP4525DN
PRSR101,HPLJM608
PRSR102,HPLJ4350
PRSR103,HPLJM454DN
PRSR104,HPLJ4350
PRSR105,HPLJ4350
PRSR106,HPLJ4350
PRSR107,CLS700E
PRSR108,HPLJM611
PRSR109,HPLJ4350
PRSR10A,HPLJ4350
PRSR10B,CLS700E
PRSR10C,CLS700E
PRSR10D,HPLJ4350
PRSR10E,MXB476W
PRSR10F,CLS700E
PRSR10G,HPLJM452DN
PRSR10H,HPLJM611
PRSR10J,CLS700E
PRSR10K,HPLJ4350
PRSR10M,CLS700E
PRSR10N,HPLJ4350
PRSR10P,HPLJM608
PRSR10Q,MXB476W
PRSR10R,MX4071
PRSR10S,HPLJP4515
PRSR10T,MXB355W
PRSR10U,HPLJ4350
PRSR10V,CLS700E
PRSR10W,HPLJ4350
PRSR10X,HPLJ4350
PRSR10Y,CLS700E
PRSR10Z,HPLJCP3505N
PRSR111,CLS700E
PRSR112,CLS700E
PRSR113,HPLJ4350
PRSR114,MXB476W
PRSR115,HPLJ4350
PRSR116,CLS700E
PRSR117,CLS700E
PRSR118,HPLJ2605N
PRSR119,HPLJ4350
PRSR11A,CLS700E
PRSR11B,HPLJ4350
PRSR11C,HPLJ4350
PRSR11D,MXM4071
PRSR11E,HPLJP4515
PRSR11F,CLS700E
PRSR11G,HPLJM525
PRSR11H,MX5071
PRSR11J,MXB476W
PRSR11K,MXB476W
PRSR11M,MX5071
PRSR11N,MXB476W
PRSR11P,MX5071
PRSR11Q,MXB376W
PRSR11R,CLS700E
PRSR11S,HPLJM553
PRSR11T,HPLJ4350
TRSR100,DS900
TRSR101,DS900
Sharp Rees-Stealy Scripps Ranch - 2nd Floor (Pinnacle),
,
ERSR200,APITA500
ERSR201,APITA500
PRSR200,HPLJM611
PRSR201,CLS700E
PRSR202,HPLJ4350
PRSR203,HPLJM608
PRSR204,MXB376W
PRSR205,CLS700E
PRSR206,HPLJM603
PRSR207,MX5071
PRSR208,HPLJM551
PRSR209,MXB355W
PRSR20A,HPLJM608
PRSR20B,HPLJM551
PRSR20C,CLS700E
PRSR20D,MX4071
PRSR20E,HPLJM608
PRSR20F,HPLJM603
PRSR20G,MXC303W
PRSR20H,CLS700E
SHARP REES-STEALY SANTEE,
,
CRST00,HVAC
CRST01,HVAC
CRST02,HVAC
CRST05,HVAC
ERST00,APITA500
ERST01,APITA500
ERST02,APITA500
ERST03,APITA500
ERST04,APITA500
ERST05,APITA500
PRST02,HPLJM608
PRST03,HPLJM608
PRST04,HPLJM608
PRST05,HPLJM608
PRST06,HPLJM608
PRST07,HPLJM608
PRST08,HPLJM608
PRST09,HPLJM608
PRST0A,HPLJM608
PRST0B,HPLJM608
PRST0C,HPLJM608
PRST0D,HPLJM608
PRST0E,CLS700E
PRST0F,MXC303W
PRST0G,CLS700E
PRST0H,CLS700E
PRST0J,CLS700E
PRST0K,CLS700E
PRST0M,CLS700E
PRST0N,CLS700E
PRST0P,CLS700E
PRST0Q,CLS700E
PRST0R,CLS700E
PRST0S,CLS700E
PRST0T,CLS700E
PRST0U,CLS700E
PRST0V,CLS700E
PRST0W,CLS700E
PRST0X,CLS700E
PRST0Y,MXC303W
PRST0Z,MXB376W
PRST10,MXB376W
PRST11,MXB376W
PRST12,MXB476W
PRST13,MXB376W
PRST14,MXB476W
PRST15,MXB376W
PRST16,MXB376W
PRST17,MXB476W
PRST18,MXB376W
PRST19,MXB376W
PRST1A,MXB376W
PRST1B,MXB376W
PRST1C,MXB476W
PRST1D,MXB476W
PRST1E,MXB476W
PRST1F,MXB476W
PRST1G,MXB476W
PRST1H,MXB476W
PRST1J,CLS700E
PRST1K,CLS700E
PRST1M,MXM4071
PRST1N,CLS700E
PRST1P,HPLJM553
PRST1Q,HPLJM454DN
PRST1R,MXB376W
PRST1S,MXB476W
PRST1T,CLS700E
PRST1U,CLS700E
PRST1V,CLS700E
PRST1W,CLS700E
PRST1X,CLS700E
PRST1Y,HPLJM507
PRST1Z,CLS700E
PRST21,HPLJM608
PRST22,CLS700E
Sharp Rees-Stealy Urgent Care,
,
PRUC100,HPLJP4515
4000 Ruffin Rd - 1st Floor,
,
BRUF100,LS4004I
BRUF102,LS4004I
ERUF100,APITA500
ERUF101,APITA500
ERUF102,APITA500
ERUF103,APITA500
ERUF105,APITA500
ERUF106,APITA500
ERUF107,APITA500
ERUF108,APITA500
PRUF100,MXB476W
PRUF103,HPLJ4730MFP
PRUF104,RW8200
PRUF107,HPLJ4345MFP
PRUF10E,CLS700E
PRUF10G,HPLJM725
PRUF10H,CLS700E
PRUF10Q,HPLJ4700
PRUF10R,HPLJM608
PRUF10W,HPLJM525
PRUF10X,HPLJ4350
PRUF10Z,RW6208E
PRUF111,CTS801
PRUF112,HPLJM553
PRUF113,MXM4070
PRUF114,HPLJM507
PRUF115,CLS700E
PRUF11C,HPLJP4515
PRUF11E,CLS700E
PRUF11F,M7
PRUF11G,CLS700E
PRUF11R,CLS700E
PRUF11S,CLS700E
PRUF11T,CLS700E
PRUF11U,MXB376W
PRUF11Y,CLS621
PRUF11Z,CLS700E
PRUF120,HPLJP4515
PRUF121,HPLJP4515
PRUF122,CLS700E
PRUF123,CLS700E
PRUF125,CLS700E
PRUF126,MXM654
PRUF128,HPDJP2300
4000 Ruffin Rd - 2nd Floor,
,
ERUF200,APITA500
ERUF201,APITA500
Sharp Care East Lake 2437 Fenton St Suite A (Chula Vista),
,
PSCEL00,MXB402
PSCEL01,CLS700E
PSCEL02,CLS621
(defunct) Sharp Cabrillo Hospital,
,
BSCH100,LS4004I
SharpCare Lantern Crest Santee,
,
PSCLC00,HPLJM506
PSCLC01,MXC303W
PSCLC02,RW6208E
PSCLC03,CLS700E
PSCLC04,HPLJM506
Southern California Materials Management,
,
BSCMM00,LS4004I
BSCMM01,LS4004I
BSCMM02,LS4004I
BSCMM05,LS4004I
BSCMM06,LS4004I
ESCMM00,APITA500
ESCMM01,APITA500
ESCMM02,APITA500
PSCMM00,HPLJM608
PSCMM01,HPLJM611
PSCMM02,HPLJP4515
PSCMM04,HPLJ4350
PSCMM05,HPLJ4350
PSCMM06,CLS700E
PSCMM07,MX3070
PSCMM09,MX4071
PSCMM0A,HPLJ4350
PSCMM0B,HPLJM608
PSCMM0C,HPLJP4515
PSCMM0D,HPLJM608
PSCMM0E,MX5140N
PSCMM0F,HPLJ4350
PSCMM0H,HPLJM603
PSCMM0J,HPLJM611
PSCMM0K,HPLJP4515
PSCMM0M,HPLJM608
PSCMM0N,HPLJM611
PSCMM0P,HPLJM608
PSCMM0Q,HPLJP4515
PSCMM0R,HPLJP4515
PSCMM0S,HPLJM452DN
PSCMM0T,HPLJP4515
PSCMM0V,HPLJ4350
PSCMM0X,MXM4071
PSCMM0Z,HPLJ4700
PSCMM14,DS6310
PSCMM17,HPLJ4350
PSCMM18,HPLJM507
PSCMM19,HPLJM608
PSCMM1A,DS6310
PSCMM1C,HPLJP4515
PSCMM1E,CLS700E
PSCMM1H,MX6200N
PSCMM1K,HPLJ4350
PSCMM1P,HPLJM608
PSCMM1Q,CLS700E
PSCMM1S,HPLJP4515
PSCMM1U,MX5071
PSCMM1V,HPLJM553
PSCMM1Y,HPLJP4515
SharpCare Spring Valley,
,
PSCSV00,HPLJM506
PSCSV01,HPLJM506
PSCSV02,HPLJM506
PSCSV03,HPLJM506
PSCSV04,MXC303W
PSCSV05,CLS700E
PSCSV06,MXB455W
Sharp Chula Vista Hospital,
,
BSCVH01,LS4004I
BSCVH02,LS4004I
BSCVH03,LS4004I
BSCVH04,LS4004I
BSCVH05,LS4004I
BSCVH06,LS4004I
BSCVH07,LS4004I
BSCVH08,LS4004I
BSCVH0B,LS4004I
CSCVH00,HVAC
CSCVH01,HVAC
CSCVH02,HVAC
CSCVH03,HVAC
CSCVH04,HVAC
CSCVH05,HVAC
CSCVH06,HVAC
CSCVH07,HVAC
CSCVH08,HVAC
CSCVH09,HVAC
CSCVH0A,HVAC
CSCVH0B,HVAC
CSCVH0C,HVAC
CSCVH0D,HVAC
CSCVH0E,HVAC
CSCVH0F,HVAC
CSCVH0G,HVAC
CSCVH0H,HVAC
CSCVH0J,HVAC
CSCVH0K,HVAC
CSCVH0M,HVAC
CSCVH0N,HVAC
CSCVH0P,HVAC
CSCVH0Q,HVAC
CSCVH0R,HVAC
CSCVH0S,HVAC
CSCVH0T,HVAC
CSCVH0U,HVAC
CSCVH0V,HVAC
CSCVH0W,HVAC
CSCVH0X,HVAC
CSCVH0Y,HVAC
CSCVH0Z,HVAC
CSCVH10,HVAC
CSCVH11,HVAC
CSCVH12,HVAC
CSCVH13,HVAC
CSCVH14,HVAC
CSCVH15,HVAC
CSCVH16,HVAC
CSCVH17,HVAC
CSCVH18,HVAC
CSCVH19,HVAC
DSCVH00,LynxDispatcher
ESCVH00,APITA500
ESCVH01,APITA500
ESCVH02,APITA500
ESCVH03,APITA500
ESCVH04,APITA500
ESCVH05,APITA500
ESCVH06,APITA500
ESCVH07,APITA500
ESCVH08,APITA500
ESCVH09,APITA500
ESCVH0A,APITA500
ESCVH0B,APITA500
ESCVH0C,APITA500
ESCVH0D,APITA500
ESCVH0E,APITA500
ESCVH0F,APITA500
ESCVH0G,APITA500
ESCVH0H,APIDE110
ESCVH0J,APITA500
ESCVH0K,APIDE110
ESCVH0M,APITA500
ESCVH0N,APITA500
ESCVH0Q,APITA500
PSCVH00,HPLJP4515
PSCVH01,HPLJP4515
PSCVH02,HPLJM608
PSCVH03,MXB376W
PSCVH04,MXB355W
PSCVH05,HPLJM525
PSCVH06,HPLJM608
PSCVH07,HPLJ4350
PSCVH08,HPLJP4515
PSCVH09,MXB376W
PSCVH0A,HPLJM608
PSCVH0B,HPLJM507
PSCVH0C,HPLJM551
PSCVH0E,MXB376W
PSCVH0F,HPLJM608
PSCVH0G,HPLJM507
PSCVH0H,HPLJM608
PSCVH0I,MXC301W
PSCVH0J,HPLJM608
PSCVH0K,HPLJM608
PSCVH0L,HPLJM525
PSCVH0M,HPLJM525
PSCVH0N,HPLJM608
PSCVH0P,HPLJM608
PSCVH0Q,HPLJM608
PSCVH0R,HPLJM608
PSCVH0S,HPLJM608
PSCVH0T,CLS700E
PSCVH0U,HPLJM454DN
PSCVH0V,HPLJM608
PSCVH0W,HPLJM608
PSCVH0X,HPLJP4515
PSCVH0Y,MXC303W
PSCVH0Z,HPLJM553
PSCVH10,CLS700E
PSCVH11,HPLJM608
PSCVH12,MXB376W
PSCVH13,CLS700E
PSCVH15,CLS700E
PSCVH16,HPLJP4515
PSCVH17,HPLJM507
PSCVH18,HPLJ4350
PSCVH19,HPLJM507
PSCVH1A,HPLJM608
PSCVH1B,HPLJM608
PSCVH1C,HPLJM608
PSCVH1D,MXM7570
PSCVH1E,MXB355W
PSCVH1F,HPLJM507
PSCVH1G,HPLJM507
PSCVH1H,HPLJM553
PSCVH1I,HPLJP4515
PSCVH1J,HPLJM454DN
PSCVH1K,HPLJM525
PSCVH1L,HPLJM603
PSCVH1M,MXM363N
PSCVH1N,HPLJ4350
PSCVH1P,CLS621
PSCVH1Q,HPLJM608
PSCVH1R,HPLJCP2025
PSCVH1S,HPLJM608
PSCVH1T,HPLJM507
PSCVH1U,HPLJM608
PSCVH1V,HPLJM507
PSCVH1W,HPLJM454DN
PSCVH1X,HPLJM525
PSCVH1Y,HPLJCP2025
PSCVH1Z,HPLJM553
PSCVH20,HPLJM608
PSCVH21,HPLJ4350
PSCVH22,CLS700E
PSCVH23,HPLJM608
PSCVH24,CLS700E
PSCVH25,CLS700E
PSCVH26,HPLJP4515
PSCVH27,HPLJM608
PSCVH28,CLS700E
PSCVH29,CLS700E
PSCVH2A,HPLJM454DN
PSCVH2B,HPLJM452DN
PSCVH2C,HPLJM608
PSCVH2D,HPLJP4515
PSCVH2E,OKI320
PSCVH2F,MXM654
PSCVH2G,HPLJ4350
PSCVH2H,MXC303W
PSCVH2I,MX5071
PSCVH2J,MXM365N
PSCVH2K,HPLJM553
PSCVH2L,MXC303W
PSCVH2M,HPLJM608
PSCVH2N,HPLJM608
PSCVH2P,CLS700E
PSCVH2Q,HPLJM608
PSCVH2R,CLS700E
PSCVH2S,MX5071
PSCVH2T,CLS700E
PSCVH2U,HPLJM608
PSCVH2V,CLS700E
PSCVH2W,HPLJM608
PSCVH2X,MX3070
PSCVH2Y,HPLJM608
PSCVH2Z,HPLJ4350
PSCVH30,CLS700E
PSCVH31,HPLJM454DN
PSCVH32,MX5071
PSCVH33,HPLJM553
PSCVH34,MXB355W
PSCVH35,HPLJM553
PSCVH36,HPLJP4515
PSCVH37,HPLJM506
PSCVH38,HPLJP4515
PSCVH39,MX6071
PSCVH3A,HPLJM506
PSCVH3B,HPLJP4515
PSCVH3C,HPLJCP2025
PSCVH3D,HPLJ4350
PSCVH3E,MXB355W
PSCVH3F,MX5071
PSCVH3G,HPLJM555
PSCVH3H,CLS700E
PSCVH3I,MXB376W
PSCVH3J,HPLJM555
PSCVH3K,HPLJM507
PSCVH3M,HPLJM608
PSCVH3N,MX6071
PSCVH3O,HPLJM608
PSCVH3O,HPLJM608
PSCVH3P,HPLJM507
PSCVH3Q,HPLJM608
PSCVH3R,CLS700E
PSCVH3S,MX3070
PSCVH3T,CLS700E
PSCVH3U,HPLJM507
PSCVH3W,HPLJM608
PSCVH3X,HPLJ4350
PSCVH3Y,HPLJ4350
PSCVH3Z,HPLJM507
PSCVH40,HPLJM553
PSCVH41,HPLJM608
PSCVH42,HPLJM608
PSCVH43,MXC303W
PSCVH44,HPLJM555
PSCVH45,HPLJP4515
PSCVH46,CLS700E
PSCVH47,HPLJ4350
PSCVH48,HPLJM608
PSCVH49,CLS700E
PSCVH4A,CLS700E
PSCVH4B,MXM7570
PSCVH4C,HPLJP4515
PSCVH4D,CLS700E
PSCVH4D,CLS700E
PSCVH4E,CLS700E
PSCVH4F,HPLJM608
PSCVH4G,CLS700E
PSCVH4H,CLS700E
PSCVH4J,HPLJM608
PSCVH4K,CLS700E
PSCVH4M,CLS700E
PSCVH4N,MX4070
PSCVH4P,CLS700E
PSCVH4Q,HPLJM611
PSCVH4R,HPLJM608
PSCVH4S,HPLJM608
PSCVH4T,HPLJM608
PSCVH4U,HPLJM452DN
PSCVH4V,HPLJ2605N
PSCVH4W,HPLJM553
PSCVH4X,CLS700E
PSCVH4Y,LG05
PSCVH4Z,HPLJP4515
PSCVH50,HPLJM603
PSCVH51,HPLJM507
PSCVH52,HPLJ4300
PSCVH53,HPLJP4515
PSCVH54,HPLJM608
PSCVH55,HPLJM608
PSCVH56,HPLJM608
PSCVH57,HPLJM507
PSCVH58,HPLJM452DN
PSCVH59,HPLJM608
PSCVH5A,DP8340
PSCVH5B,CLS700E
PSCVH5C,HPLJ2500
PSCVH5D,CLS700E
PSCVH5E,HPLJM551
PSCVH5F,HPLJM525
PSCVH5G,HPLJM611
PSCVH5H,DP8340
PSCVH5J,FUJI FM DPL
PSCVH5K,HPLJM608
PSCVH5M,CLS700E
PSCVH5N,CLS700E
PSCVH5P,CLS700E
PSCVH5Q,CLS700E
PSCVH5R,CLS700E
PSCVH5S,CLS700E
PSCVH5T,HPLJM608
PSCVH5U,HPLJM452DN
PSCVH5V,CLS700E
PSCVH5W,CLS700E
PSCVH5Y,HPLJM553
PSCVH5Z,CLS621
PSCVH60,CLS700E
PSCVH61,CLS700E
PSCVH62,CLS700E
PSCVH63,CLS700E
PSCVH64,HPLJM553
PSCVH65,CLS621
PSCVH66,HPLJM454DN
PSCVH67,CLS621
PSCVH68,HPLJM454DN
PSCVH69,CLS621
PSCVH6B,HPLJM608
PSCVH6C,CLS700E
PSCVH6D,HPLJM553
PSCVH6E,CLS700E
PSCVH6F,CLS700E
PSCVH6G,CLS700E
PSCVH6H,CLS700E
PSCVH6J,CLS700E
PSCVH6K,CLS621
PSCVH6M,CLS700E
PSCVH6N,HPLJ4350
PSCVH6P,HPLJCP3505N
PSCVH6Q,HPLJM608
PSCVH6R,MXM363N
PSCVH6S,CLS700E
PSCVH6T,CLS700E
PSCVH6U,HPLJP4515
PSCVH6V,HPLJM506
PSCVH6W,MXB355W
PSCVH6X,HPLJM608
PSCVH6Y,MXB355W
PSCVH6Z,HPLJ4350
PSCVH71,MX6071
PSCVH72,CLS700E
PSCVH73,CLS700E
PSCVH75,CLS700E
PSCVH76,RW8200
PSCVH77,CLS700E
PSCVH78,HPLJM454DN
PSCVH79,CLS700E
PSCVH7A,CTS801
PSCVH7A,CTS801
PSCVH7B,CLS700E
PSCVH7C,CLS700E
PSCVH7D,MXC303W
PSCVH7E,CLS700E
PSCVH7F,CLS700E
PSCVH7G,CLS700E
PSCVH7H,MXB355W
PSCVH7J,CLS700E
PSCVH7K,HPLJM608
PSCVH7M,HPLJM555
PSCVH7N,HPLJP4515
PSCVH7P,CLS700E
PSCVH7Q,HPLJM608
PSCVH7R,CLS700E
PSCVH7S,MXC301W
PSCVH7T,HPLJM452DN
PSCVH7U,CLS700E
PSCVH7V,CLS700E
PSCVH7W,CLS700E
PSCVH7X,CLS700E
PSCVH7Y,CLS700E
PSCVH7Z,CLS700E
PSCVH80,CLS700E
PSCVH81,CLS700E
PSCVH82,CLS700E
PSCVH83,MX4071
PSCVH84,HPLJM608
PSCVH85,HPLJM452DN
PSCVH86,HPLJM525
PSCVH87,MX4071
PSCVH88,MXB355W
PSCVH89,CLS700E
PSCVH8A,HPLJP4515
PSCVH8B,HPLJM608
PSCVH8C,CLS700E
PSCVH8D,CLS700E
PSCVH8E,HPLJP4515
PSCVH8F,HPLJP4515
PSCVH8G,MX6071
PSCVH8H,MX3071
PSCVH8J,MX5071
PSCVH8M,MXC303W
PSCVH8N,CLS700E
PSCVH8P,MX5071
PSCVH8Q,CLS703E
PSCVH8R,MXC303W
PSCVH8S,HPLJM608
PSCVH8T,HPLJM608
PSCVH8U,CLS700E
PSCVH8V,MXC303W
PSCVH8W,HPLJM608
PSCVH8X,HPLJ2605N
PSCVH8Y,HPLJ2500
PSCVH8Z,HPLJM608
PSCVH90,HPLJM506
PSCVH91,CLS700E
PSCVH92,MX4071
PSCVH93,CLS700E
PSCVH94,MXB476W
PSCVH95,HPLJP4515
PSCVH96,CLS700E
PSCVH97,HPLJM507
PSCVH98,CLS700E
PSCVH99,HPLJCP2025
PSCVH9A,HPLJM506
PSCVH9B,HPLJM608
PSCVH9C,MXM7570
PSCVH9D,MX5071
PSCVH9E,HPLJM551
PSCVH9F,MXM7570
PSCVH9G,HPLJM608
PSCVH9H,HPLJM608
PSCVH9J,MX5071
PSCVH9K,HPLJM608
PSCVH9M,HPLJM452DN
PSCVH9N,CLS700E
PSCVH9P,HPLJM452DN
PSCVH9Q,HPLJM454DN
PSCVH9R,HPLJM452DN
PSCVH9S,CLS700E
PSCVH9T,HPLJM454DN
TSCVH00,DS900
TSCVH01,DS900
TSCVH02,DS900
TSCVH04,DS900
WSCVH00,BLVT164w
WSCVH01,BLVT164w
WSCVH02,BLVT164w
WSCVH03,BLVT164w
WSCVH04,BLVT164w
WSCVH05,BLVT164w
WSCVH06,BLVT164w
WSCVH07,BLVT164w
WSCVH08,BLVT164w
WSCVH09,BLVT164w
WSCVH0A,BLVT164w
WSCVH0B,BLVT164w
Sharp Chula Vista Hospital Laboratory,
,
PSCVL01,HPLJM608
PSCVL02,HPLJM608
PSCVL03,CLS700E
Sharp Grossmont Hospital,
,
CSGHM00,HVAC
CSGHM01,HVAC
CSGHM02,HVAC
CSGHM03,HVAC
CSGHM04,HVAC
CSGHM05,HVAC
CSGHM06,HVAC
CSGHM07,HVAC
CSGHM08,HVAC
CSGHM09,HVAC
CSGHM0A,HVAC
CSGHM0B,HVAC
CSGHM0C,HVAC
CSGHM0D,HVAC
CSGHM0E,HVAC
CSGHM0F,HVAC
CSGHM0G,HVAC
CSGHM0H,HVAC
CSGHM0J,HVAC
CSGHM0K,HVAC
CSGHM0M,HVAC
CSGHM0N,HVAC
CSGHM0P,HVAC
CSGHM0Q,HVAC
CSGHM0R,HVAC
CSGHM0S,HVAC
CSGHM0T,HVAC
CSGHM0U,HVAC
CSGHM0V,HVAC
CSGHM0W,HVAC
CSGHM0X,HVAC
CSGHM0Y,HVAC
CSGHM0Z,HVAC
CSGHM10,HVAC
CSGHM11,HVAC
CSGHM12,HVAC
CSGHM13,HVAC
CSGHM14,HVAC
CSGHM15,HVAC
CSGHM16,HVAC
CSGHM17,HVAC
CSGHM18,HVAC
CSGHM19,HVAC
CSGHM1A,HVAC
CSGHM1B,HVAC
CSGHM1C,HVAC
CSGHM1D,HVAC
CSGHM1E,HVAC
CSGHM1F,HVAC
CSGHM1G,HVAC
CSGHM1H,HVAC
CSGHM1J,HVAC
CSGHM1K,HVAC
CSGHM1M,HVAC
CSGHM1N,HVAC
CSGHM1P,HVAC
CSGHM1Q,HVAC
CSGHM1R,HVAC
CSGHM1S,HVAC
CSGHM1T,HVAC
CSGHM1U,HVAC
CSGHM1V,HVAC
CSGHM1W,HVAC
CSGHM1X,HVAC
CSGHM1Y,HVAC
CSGHM1Z,HVAC
CSGHM20,HVAC
ESGHM00,APIDE110
ESGHM01,APIDE110
ESGHM02,APIDE110
PSGHM00,MXB376W
PSGHM01,HPLJCP4525DN
PSGHM02,HPLJP4515
PSGHM03,HPLJM525
PSGHM04,HPLJ4350
PSGHM05,HPLJP4515
PSGHM06,HPLJM611
PSGHM07,MXB376W
PSGHM08,HPLJM608
PSGHM09,HPLJM525
PSGHM0A,HPLJM507
PSGHM0B,HPLJM608
PSGHM0C,HPLJM452DN
PSGHM0D,RW8200
PSGHM0E,HPLJM608
PSGHM0F,HPLJM507
PSGHM0G,MX6071
PSGHM0H,HPLJM608
PSGHM0H,HPLJM608
PSGHM0I,HPLJM611
PSGHM0J,HPLJM454DN
PSGHM0K,MXB376W
PSGHM0L,HPLJP4515
PSGHM0M,HPLJM611
PSGHM0N,HPLJM452DN
PSGHM0O,HPLJP4515
PSGHM0P,MXB355W
PSGHM0Q,HPLJ4350
PSGHM0R,HPLJM608
PSGHM0S,HPLJM525
PSGHM0T,CLS700E
PSGHM0U,CLS700E
PSGHM0V,HPLJM608
PSGHM0W,HPLJM608
PSGHM0X,HPLJM608
PSGHM0Y,HPLJP4515
PSGHM0Z,MXB476W
PSGHM10,EP8000DFX
PSGHM11,MX5071
PSGHM12,CLS700E
PSGHM13,HPLJM525
PSGHM14,HPLJM608
PSGHM15,HPLJM608
PSGHM16,HPLJ4350
PSGHM17,HPLJP4515
PSGHM18,HPLJM553
PSGHM19,MXC303W
PSGHM1A,CLS700E
PSGHM1B,MXC303W
PSGHM1C,CLS700E
PSGHM1D,CLS700E
PSGHM1F,MX5071
PSGHM1G,HPLJP4515
PSGHM1H,HPLJM553
PSGHM1J,MXM465
PSGHM1K,HPLJM507
PSGHM1N,CTS801
PSGHM1P,HPLJM553
PSGHM1Q,HPLJM608
PSGHM1R,HPLJP4515
PSGHM1S,CLS700E
PSGHM1T,CLS700E
PSGHM1U,HPLJ4350
PSGHM1V,CLS700E
PSGHM1W,CLS700E
PSGHM1X,HPLJM608
PSGHM1Y,CLS700E
PSGHM1Z,MX3071
PSGHM20,MXB376W
PSGHM21,HPLJM425dn
PSGHM22,HPLJM553
PSGHM23,MX5071
PSGHM24,MX6071
PSGHM25,CLS700E
PSGHM26,MXB376W
PSGHM27,CTS801
PSGHM28,HPLJM452DN
PSGHM29,HPLJM452DN
PSGHM2A,CLS700E
PSGHM2B,HPLJM553
PSGHM2C,CLS700E
PSGHM2D,HPLJP4515
PSGHM2E,HPLJM507
PSGHM2F,MXB376W
TSGHM00,DS900
BSGR100,LS4004I
BSGR101,LS4004I
BSGR102,LS4004I
BSGR103,LS4004I
BSGR104,LS4004I
BSGR105,LS4004I
BSGR106,LS4004I
BSGR107,LS4004I
BSGR108,LS4004I
BSGR10A,LS4004I
CSGR100,HVAC
CSGR101,HVAC
CSGR102,HVAC
CSGR103,HVAC
CSGR104,HVAC
CSGR105,HVAC
CSGR106,HVAC
CSGR107,HVAC
CSGR108,HVAC
CSGR109,HVAC
CSGR10A,HVAC
ESGR100,APITA500
ESGR101,APITA500
ESGR102,APITA500
ESGR103,APITA500
ESGR104,APITA500
ESGR105,APITA500
ESGR106,APITA500
ESGR107,APITA500
ESGR108,APITA500
ESGR109,APITA500
ESGR10A,APITA500
ESGR10B,APITA500
ESGR10C,APITA500
ESGR10D,APITA500
ESGR10E,APITA500
ESGR10F,APITA500
ESGR10G,APITA500
ESGR10H,APITA500
ESGR10J,APITA500
ESGR10K,APITA500
ESGR10M,APITA500
ESGR10N,APITA500
ESGR10P,APITA500
ESGR10Q,APITA500
ESGR10R,APITA500
ESGR10S,APITA500
ESGR10T,APITA500
ESGR10U,APITA500
ESGR10V,APITA500
ESGR10W,APITA500
ESGR10X,APITA500
ESGR10Y,APITA500
ESGR10Z,APITA500
ESGR110,APITA500
ESGR111,APITA500
ESGR112,APITA500
ESGR113,APITA500
PSGR100,HPLJM454DN
PSGR101,MXB376W
PSGR102,MXB355W
PSGR103,CLS700E
PSGR104,HPLJM611
PSGR105,MXB376W
PSGR106,HPLJM507
PSGR107,HPLJM608
PSGR108,HPLJM452DN
PSGR109,MX3071
PSGR10A,HPLJM454DN
PSGR10B,HPLJM608
PSGR10C,CLS700E
PSGR10D,MX4071
PSGR10E,MX5071
PSGR10F,HPLJM608
PSGR10G,HPLJM507
PSGR10H,HPLJM608
PSGR10I,HPLJM507
PSGR10J,MXM7570
PSGR10K,HPLJM506
PSGR10M,HPLJM608
PSGR10N,MXB376W
PSGR10P,HPLJP4515
PSGR10Q,HPLJM553
PSGR10R,HPLJ4350
PSGR10S,LG15
PSGR10T,HPLJM608
PSGR10U,HPLJ4350
PSGR10V,HPLJM608
PSGR10W,HPLJM507
PSGR10X,HPLJ4350
PSGR10Y,HPLJM452DN
PSGR10Z,CLS700E
PSGR110,HPLJM507
PSGR112,MXB376W
PSGR113,HPLJM452DN
PSGR114,CTS801
PSGR115,MXB476W
PSGR116,CLS700E
PSGR117,MXB402
PSGR118,HPLJM611
PSGR119,HPLJM525
PSGR11A,HPLJM507
PSGR11B,HPLJM425dn
PSGR11C,HPLJM507
PSGR11D,HPLJM608
PSGR11E,HPLJM454DN
PSGR11F,HPLJM608
PSGR11G,MX5071
PSGR11H,HPLJM454DN
PSGR11J,CLS700E
PSGR11K,HPLJM608
PSGR11M,HPLJM525
PSGR11N,CLS700E
PSGR11O,DP8340
PSGR11P,MX4071
PSGR11Q,MXC303W
PSGR11R,HPLJM608
PSGR11S,HPLJM525
PSGR11T,HPLJ4050
PSGR11U,HPLJM608
PSGR11V,HPLJM608
PSGR11W,HPLJM608
PSGR11X,HPLJM608
PSGR11Y,HPLJM525
PSGR11Z,HPLJ4350
PSGR120,MX6071
PSGR121,HPLJ4350
PSGR122,HPLJM608
PSGR123,HPLJM525
PSGR124,MXC301W
PSGR125,HPLJM507
PSGR126,HPLJP4515
PSGR127,HPLJM452DN
PSGR128,HPLJM608
PSGR129,HPLJP4515
PSGR12A,HPLJM553
PSGR12B,HPLJ4000
PSGR12C,HPLJM507
PSGR12D,HPLJM507
PSGR12E,MXC303W
PSGR12F,HPLJM454DN
PSGR12G,HPLJ4050
PSGR12H,HPLJP4515
PSGR12J,CLS700E
PSGR12K,CLS700E
PSGR12L,HPLJP4515
PSGR12M,HPLJP4515
PSGR12N,HPLJM507
PSGR12O,HPLJM608
PSGR12P,HPLJM454DN
PSGR12Q,HPLJM611
PSGR12R,CTS801
PSGR12S,HPLJP4515
PSGR12T,CLS700E
PSGR12U,HPLJM553
PSGR12V,CLS700E
PSGR12W,MXB376W
PSGR12X,CLS700E
PSGR12Y,CLS700E
PSGR12Z,CLS700E
PSGR130,CLS700E
PSGR131,CLS700E
PSGR132,CLS700E
PSGR133,HPLJM507
PSGR134,HPLJM506
PSGR135,HPLJM608
PSGR136,HPLJM608
PSGR137,HPLJP4515
PSGR139,HPLJ4
PSGR13A,HPLJM507
PSGR13B,CLS700E
PSGR13C,MXM4071
PSGR13D,HPLJM553
PSGR13E,HPLJM608
PSGR13F,HPLJM507
PSGR13G,FUJI FM DPL
PSGR13H,CLS700E
PSGR13J,CLS700E
PSGR13K,HPLJM553
PSGR13L,CLS700E
PSGR13M,HPLJM507
PSGR13N,MXM7570
PSGR13P,CLS700E
PSGR13Q,MX5071
PSGR13R,MXB376W
PSGR13S,MX4070
PSGR13U,HPLJM553
PSGR13V,CLS700E
PSGR13W,HPLJM525
PSGR13X,CLS700E
PSGR13Y,HPLJP4515
PSGR13Z,HPLJM454DN
PSGR140,CLS700E
PSGR141,HPLJM507
PSGR142,HPLJ4350
PSGR143,MXC301W
PSGR144,HPLJ4350
PSGR145,HPLJM454DN
PSGR146,HPLJM553
PSGR147,HPLJM425dn
PSGR148,MXC303W
PSGR149,HPLJM507
PSGR14A,HPLJM452DN
PSGR14B,HPLJP4515
PSGR14C,HPLJM452DN
PSGR14D,HPLJCP4525DN
PSGR14E,HPLJM452DN
PSGR14F,CLS700E
PSGR14G,MX6070N
PSGR14H,MX3071
PSGR14J,MXB355W
PSGR14K,CLS700E
PSGR14M,HPLJM608
PSGR14N,MX3071
PSGR14P,HPLJP4515
PSGR14Q,HPLJM507
PSGR14R,HPLJM454DN
PSGR14S,HPLJM608
PSGR14T,HPLJM452DN
PSGR14U,HPLJM454DN
PSGR14V,CLS700E
PSGR14W,HPLJM525
PSGR14X,MXC301W
PSGR14Y,CLS700E
PSGR14Z,MX3071
PSGR150,CLS700E
PSGR151,HPLJM525
PSGR152,CLS700E
PSGR153,HPLJM506
PSGR154,CLS700E
PSGR155,HPLJM608
PSGR156,MXB376W
PSGR157,HPLJM507
PSGR158,CLS700E
PSGR159,CLS700E
PSGR15A,HPLJM608
PSGR15B,HPLJ4350
PSGR15C,HPLJM507
PSGR15D,CLS700E
PSGR15E,CLS700E
PSGR15F,HPLJM507
PSGR15G,CLS700E
PSGR15H,HPLJM553
PSGR15J,HPLJCP3505N
PSGR15K,MX4071
PSGR15M,HPLJM608
PSGR15N,HPLJM454DN
PSGR15P,HPLJM507
PSGR15Q,HPLJM611
PSGR15T,HPLJP4515
PSGR15U,FUJI FM DPL
PSGR15V,HPLJ4100
PSGR15W,HPLJM525
PSGR15X,HPLJM507
PSGR15Y,HPLJ4100
PSGR15Z,HPLJM608
PSGR160,HPLJM608
PSGR161,HPLJ4350
PSGR162,HPLJM525
PSGR163,HPLJM507
PSGR164,HPLJP4515
PSGR165,HPLJM553
PSGR166,HPLJM553
PSGR169,CLS700E
PSGR16A,HPLJM553
PSGR16B,CLS700E
PSGR16C,CLS700E
PSGR16D,CLS700E
PSGR16F,CLS700E
PSGR16G,CLS700E
PSGR16H,CLS700E
PSGR16J,HPLJM425dn
PSGR16K,HPLJM553
PSGR16N,HPLJM608
PSGR16P,CLS700E
PSGR16Q,HPLJM608
PSGR16R,HPLJM525
PSGR16S,CLS700E
PSGR16T,MXB355W
PSGR16X,HPLJM507
PSGR16Y,HPLJM507
PSGR16Z,MX3071
PSGR170,HPLJM553
PSGR172,CLS700E
PSGR173,HPLJM608
PSGR175,MX4071
PSGR176,HPLJM553
PSGR177,MX3071
PSGR178,MX5071
PSGR179,MXB376W
PSGR17A,MX6071
PSGR17B,MXB376W
PSGR17C,MX5071
PSGR17D,HPLJM525
PSGR17F,MX5071
PSGR17G,MXC303W
PSGR17H,MXB376W
PSGR17J,MX3071
PSGR17M,MX4071
PSGR17N,MX5071
PSGR17Q,MX3071
PSGR17R,MX5071
PSGR17S,MXM503N
PSGR17T,MX5071
PSGR17V,MXB355W
PSGR17W,MX5071
PSGR17X,MX6071
PSGR17Y,HPLJP4515
PSGR181,CLS700E
PSGR182,HPLJP4515
PSGR185,CLS700E
PSGR187,HPLJM553
PSGR188,CLS700E
PSGR18A,CLS700E
PSGR18B,CLS700E
PSGR18D,HPLJ4350
PSGR18E,HPLJP4515
PSGR18G,CLS700E
PSGR18H,CLS700E
PSGR18K,CLS700E
PSGR18M,HPLJM452DN
PSGR18N,RW8200
PSGR18Q,HPLJM525
PSGR18S,HPLJM553
PSGR18T,CLS700E
PSGR18U,CLS700E
PSGR18V,CLS700E
PSGR18W,HPLJM608
PSGR18Y,CLS700E
PSGR18Z,HPLJM553
PSGR192,HPLJM553
PSGR194,HPLJM525
PSGR195,MXM465
PSGR196,HPLJCP3505N
PSGR199,MXB376W
PSGR19A,HPLJM525
PSGR19B,HPLJP4515
PSGR19D,HPLJM454DN
PSGR19E,HPLJP4515
PSGR19F,HPLJM525
PSGR19G,HPLJM525
PSGR19H,HPLJM608
PSGR19J,T790ps
PSGR19K,HPLJM608
PSGR19M,HPLJM507
PSGR19N,MXB376W
SGR Tower 1st Floor,
,
ESGT100,APITA500
PSGT100,CLS700E
PSGT101,HPLJM525
PSGT102,HPLJM525
PSGT103,HPLJM525
PSGT104,CLS700E
PSGT105,CLS700E
PSGT106,HPLJP4515
PSGT107,HPLJP4515
PSGT108,CLS700E
PSGT109,HPLJP4515
PSGT10A,HPLJM507
PSGT10B,MXM4071
PSGT10C,HPLJM454DN
PSGT10D,HPLJM507
SGR Tower 2nd Floor,
,
ESGT200,APITA500
PSGT200,HPLJM608
PSGT201,CLS700E
PSGT202,MX3071
PSGT203,HPLJM525
PSGT204,HPLJP4515
PSGT205,HPLJM553
PSGT206,MXB376W
PSGT207,HPLJM507
PSGT208,MXB376W
PSGT209,MXB376W
PSGT20A,CLS700E
PSGT20B,CLS700E
PSGT20C,HPLJP4515
PSGT20E,HPLJ3035MFP
PSGT20G,CLS700E
PSGT20H,CLS700E
PSGT20J,CLS700E
PSGT20K,HPLJM452DN
PSGT20M,CLS700E
PSGT20N,CLS700E
PSGT20Q,HPLJ4350
PSGT20R,HPLJM608
PSGT20S,HPLJM507
SGR Tower 4th Floor,
,
ESGT400,APITA500
PSGT400,CLS700E
PSGT401,HPLJM507
PSGT402,HPLJM525
PSGT403,HPLJM608
PSGT404,HPLJP4515
PSGT405,MXB355W
PSGT406,HPLJM611
PSGT407,HPLJM525
PSGT408,HPLJM525
PSGT40B,HPLJM608
PSGT40C,MXB355W
PSGT40D,HPLJP4515
PSGT40E,MXC303W
PSGT40G,MX3071
PSGT40H,CLS700E
PSGT40J,CLS700E
PSGT40K,HPLJM553
SGR Tower 5th Floor,
,
CSGT500,HVAC
CSGT501,HVAC
CSGT502,HVAC
CSGT503,HVAC
CSGT504,HVAC
CSGT505,HVAC
CSGT506,HVAC
CSGT507,HVAC
CSGT508,HVAC
CSGT509,HVAC
CSGT50A,HVAC
ESGT500,APITA500
PSGT500,CLS700E
PSGT501,MX3071
PSGT502,HPLJM525
PSGT503,HPLJM608
PSGT504,HPLJM553
PSGT505,HPLJM611
PSGT506,MXB376W
PSGT507,HPLJ4350
PSGT508,HPLJM525
PSGT50A,HPLJM608
PSGT50B,HPLJM525
PSGT50C,HPLJP4515
PSGT50D,CLS700E
PSGT50E,CLS700E
PSGT50H,CLS700E
SGR Tower Level A,
,
ESGTA00,APITA500
ESGTA01,APITA500
ESGTA02,APITA500
MSGTA0D,LP2824
PSGTA00,CLS700E
PSGTA01,CLS700E
PSGTA02,CLS700E
PSGTA03,CLS700E
PSGTA04,HPLJM611
PSGTA05,HPLJM507
PSGTA06,CLS700E
PSGTA07,HPLJP4515
PSGTA08,HPLJM608
PSGTA09,HPLJM608
PSGTA0A,MXC301W
PSGTA0B,MXC301W
PSGTA0C,HPLJP4515
PSGTA0D,HPLJP4515
PSGTA0E,HPLJM608
PSGTA0F,CLS700E
PSGTA0G,HPLJM608
PSGTA0H,HPLJM608
PSGTA0J,CLS700E
PSGTA0K,HPLJM611
PSGTA0M,HPLJM608
PSGTA0N,HPLJM608
PSGTA0P,CLS700E
PSGTA0Q,CLS700E
PSGTA0R,CLS700E
PSGTA0S,CLS700E
PSGTA0T,CLS700E
PSGTA0U,HPLJM608
PSGTA0V,HPLJM525
PSGTA0W,MX6071
PSGTA0X,CLS700E
PSGTA0Y,CLS700E
PSGTA0Z,CLS700E
PSGTA10,CLS700E
PSGTA13,CLS700E
PSGTA17,HPLJM608
PSGTA1A,CLS700E
PSGTA1F,MX6071
Sharp Home Health,
,
ESHH100,APITA500
ESHH101,APITA500
PSHH100,HPLJM608
PSHH101,HPLJM608
PSHH102,HPLJ5
PSHH103,HPLJM608
PSHH104,HPLJM608
PSHH105,IBM3116
PSHH106,HPLJM507
PSHH107,HPLJ4100
PSHH108,HPLJM608
PSHH109,HPLJM608
PSHH10A,EP8000DFX
PSHH10B,HPLJM608
PSHH10C,HPLJM507
PSHH10D,HPLJP4515
PSHH10F,HPLJM553
PSHH10G,HPLJM507
PSHH10H,MX4071
PSHH10J,HPLJM608
PSHH10K,HPLJM507
PSHH10M,HPLJP4515
PSHH10N,HPLJM608
PSHH10P,HPLJM553
PSHH10Q,CLS700E
PSHH10R,MX5071
PSHH10S,HPLJM608
PSHH10U,HPLJM603
PSHH10W,CLS700E
PSHH10X,HPLJ4350
PSHH10Y,HPLJP4515
PSHH10Z,HPLJM507
PSHH110,HPLJM507
PSHH111,HPLJM452DN
PSHH112,MXM565N
PSHH113,CLS700E
PSHH114,CLS700E
PSHH115,HPLJM553
PSHH116,HPLJM608
PSHH117,HPLJM608
PSHH118,MX5071
PSHH119,HPLJM608
PSHH11A,HPLJM608
PSHH11B,HPLJM608
PSHH11C,HPLJM608
PSHH11D,HPLJM608
PSHH11E,HPLJM608
PSHH11F,MX6071
PSHH11G,HPLJM553
PSHH11H,MXM465
PSHH11J,HPLJM608
PSHH11K,HPLJM608
PSHH11M,HPLJM608
PSHH11N,HPLJ4350
PSHH11P,HPLJP4515
PSHH11Q,HPLJM608
Sharp Memorial Hospital Lower Level,
,
CSMH000,HVAC
CSMH001,HVAC
CSMH002,HVAC
CSMH003,HVAC
CSMH004,HVAC
CSMH005,HVAC
CSMH006,HVAC
CSMH007,HVAC
CSMH008,HVAC
CSMH009,HVAC
ESMH000,APITA500
ESMH001,APITA500
PSMH000,HPLJP4515
PSMH001,HPLJM608
PSMH002,HPLJM507
PSMH003,HPLJM553
PSMH004,HPLJM608
PSMH005,CLS700E
PSMH006,HPLJM507
PSMH007,HPLJM608
PSMH008,HPLJCP2025
PSMH009,HPLJM608
PSMH00A,MXB376W
PSMH00B,HPLJM608
PSMH00D,HPLJM507
PSMH00E,HPLJ4350
PSMH00F,HPLJP4515
PSMH00G,HPLJM608
PSMH00H,HPLJM507
PSMH00J,MXB355W
WSMH000,SDNetCam
WSMH001,SDNetCam
Sharp Memorial Hospital 1st Floor,
,
BSMH100,LS4004I
BSMH101,LS4004I
BSMH102,LS4004I
BSMH104,LS4004I
BSMH105,LS4004I
BSMH106,LS4004I
BSMH108,LS4004I
BSMH109,LS4004I
BSMH10B,LS4004I
BSMH10D,LS4004I
BSMH10E,LS4004I
BSMH10G,LS4004I
BSMH10H,LS4004I
BSMH10J,LS4004I
BSMH10K,LS4004I
CSMH100,HVAC
CSMH101,HVAC
CSMH102,HVAC
CSMH103,HVAC
CSMH104,HVAC
CSMH105,HVAC
DSMH100,LynxDispatcher
ESMH100,APITA500
ESMH101,APITA500
ESMH102,APITA500
ESMH103,APITA500
ESMH104,APITA500
ESMH105,APITA500
ESMH106,APITA500
ESMH107,APIDE110
ESMH108,APITA500
ESMH10A,APITA500
ISMH100,PYXIS
ISMH101,PYXIS
ISMH102,PYXIS
ISMH103,LS4004I
ISMH104,LS4004I
PSMH100,HPLJ4100
PSMH101,MXM4071
PSMH102,CLS700E
PSMH103,HPLJM507
PSMH104,HPLJCP2025
PSMH105,HPLJM553
PSMH106,CLS700E
PSMH107,HPLJM608
PSMH108,HPLJP4515
PSMH109,HPLJM608
PSMH10A,CLS700E
PSMH10B,HPLJM525
PSMH10C,CLS700E
PSMH10D,CLS700E
PSMH10E,HPLJM608
PSMH10F,HPLJM507
PSMH10G,MX6071
PSMH10H,CLS700E
PSMH10J,MXB355W
PSMH10K,HPLJP4515
PSMH10L,HPLJM608
PSMH10M,HPLJM608
PSMH10N,HPLJ4350
PSMH10O,HPLJP4515
PSMH10P,HPLJM507
PSMH10Q,MXB355W
PSMH10R,HPLJM608
PSMH10S,MXM4071
PSMH10T,MX4071
PSMH10U,CLS700E
PSMH10V,HPLJM507
PSMH10X,HPLJ4350
PSMH10Y,HPLJM507
PSMH10Z,HPLJM507
PSMH110,HPLJM507
PSMH111,HPLJM553
PSMH112,HPLJM507
PSMH113,HPLJP4515
PSMH114,HPLJM553
PSMH115,HPLJM608
PSMH116,HPLJM454DN
PSMH117,HPLJM553
PSMH118,CLS700E
PSMH119,HPLJP4515
PSMH11A,HPLJM611
PSMH11B,HPLJM507
PSMH11C,HPLJP4515
PSMH11D,MX5071
PSMH11E,HPLJM608
PSMH11F,HPLJM608
PSMH11G,CLS700E
PSMH11H,HPLJM507
PSMH11J,HPLJM525
PSMH11K,HPLJM608
PSMH11M,HPLJM608
PSMH11N,LNM40
PSMH11P,HPLJP4515
PSMH11Q,CLS700E
PSMH11R,HPLJM525
PSMH11S,HPLJM608
PSMH11T,MXB355W
PSMH11U,MXC303W
PSMH11V,HPLJM608
PSMH11W,HPLJ4350
PSMH11X,HPLJ4300
PSMH11Y,HPLJM452DN
PSMH11Z,HPLJM553
PSMH120,MXB376W
PSMH121,HPLJM608
PSMH122,HPLJM553
PSMH123,CLS700E
PSMH124,HPLJM553
PSMH127,MX3071
PSMH128,CTS801
PSMH129,HPLJM608
PSMH12A,HPLJM608
PSMH12B,MXB402
PSMH12C,HPLJM454DN
PSMH12D,HPLJM553
PSMH12E,HPLJM608
PSMH12F,CLS700E
PSMH12G,CLS700E
PSMH12H,HPLJM553
PSMH12J,CLS700E
PSMH12K,HPLJ4350
PSMH12L,CLS700E
PSMH12M,CLS700E
PSMH12N,CLS700E
PSMH12P,CLS700E
PSMH12R,CLS700E
PSMH12S,HPLJM555
PSMH12T,HPLJM608
PSMH12U,HPLJM525
PSMH12V,HPLJ4100
PSMH12W,HPLJM507
PSMH12X,CLS700E
PSMH12Y,CLS700E
PSMH12Z,CLS700E
PSMH130,HPLJM608
PSMH131,HPLJP4515
PSMH132,HPLJM608
PSMH133,MXM4071
PSMH135,HPLJM608
PSMH136,HPLJM608
PSMH137,HPLJM608
PSMH138,CLS700E
PSMH139,HPLJM608
PSMH13A,HPLJM507
PSMH13B,MXB376W
PSMH13C,HPLJM608
PSMH13D,CLS700E
PSMH13E,HPLJM454DN
PSMH13F,HPLJM608
PSMH13G,HPLJM553
PSMH13J,HPLJM553
PSMH13K,HPLJM507
PSMH13M,HPLJM608
PSMH13N,CLS700E
PSMH13P,HPLJM553
PSMH13Q,HPLJM608
PSMH13S,HPLJ8000
PSMH13T,HPLJP4515
PSMH13U,HPLJM603
PSMH13V,HPLJCP2025
PSMH13W,MXB355W
PSMH13X,HPLJM555
PSMH13Y,HPLJM525
PSMH13Z,HPLJM452DN
PSMH140,HPLJM608
PSMH141,HPLJM507
PSMH142,CLS700E
PSMH143,HPLJM608
PSMH144,HPLJM507
PSMH145,CLS700E
PSMH146,CLS700E
PSMH147,CLS700E
PSMH148,FUJI FM DPL
PSMH149,HPLJ4350
PSMH14A,CLS700E
PSMH14B,CLS700E
PSMH14C,CLS700E
PSMH14D,HPLJM507
PSMH14E,MXC301W
PSMH14F,MXB376W
PSMH14G,HPLJ3035MFP
PSMH14H,HPLJP4515
PSMH14J,CLS700E
PSMH14K,HPLJM608
PSMH14M,HPLJM608
PSMH14N,HPLJ4300
PSMH14P,CLS700E
PSMH14R,HPLJM608
PSMH14S,MXB376W
PSMH14U,HPLJP4515
PSMH14V,MX5071
PSMH14W,CLS700E
PSMH14X,HPLJM507
PSMH14Y,MX6071
PSMH14Z,CLS700E
PSMH150,CTS801
PSMH151,CTS801
PSMH152,HPLJM553
PSMH153,CLS700E
PSMH154,CLS700E
PSMH155,CLS700E
PSMH156,HPLJM608
PSMH157,HPLJM608
PSMH158,CTS801
PSMH159,CLS700E
PSMH15A,HPLJ4350
PSMH15B,CLS700E
PSMH15C,HPLJM452DN
PSMH15D,MX3071
PSMH15E,MXC303W
PSMH15F,MXB355W
PSMH15G,HPLJM608
PSMH15H,HPLJ4350
PSMH15J,MXB355W
PSMH15K,MXB355W
PSMH15M,CTS801
PSMH15P,HPLJM608
PSMH15Q,RW6208E
PSMH15R,HPLJM608
PSMH15S,HPLJM603
PSMH15U,MXB355W
PSMH15V,HPLJM603
PSMH15W,HPLJM608
PSMH15X,HPLJM611
PSMH160,HPLJP4515
PSMH162,MXB476W
PSMH163,MX3071
PSMH165,CLS700E
PSMH166,HPLJM553
PSMH168,HPLJM608
PSMH169,HPLJM608
PSMH16A,HPLJM553
PSMH16B,MXC303W
PSMH16C,HPLJ4350
PSMH16E,HPLJM553
PSMH16G,HPLJM553
PSMH16H,HPLJM608
PSMH16J,HPLJ2605N
PSMH16K,HPLJM608
PSMH16M,MXB355W
PSMH16N,HPLJ4350
PSMH16P,CLS700E
PSMH16R,CLS700E
PSMH16W,HPLJM452DN
PSMH16X,CLS700E
PSMH16Z,CLS700E
PSMH175,HPLJM553
PSMH177,CLS700E
PSMH178,HPLJM608
PSMH179,HPLJ4300
PSMH17B,HPLJM608
PSMH17C,CLS700E
PSMH17D,HPLJM608
PSMH17F,CLS700E
PSMH17G,CLS700E
PSMH17R,HPLJM452DN
PSMH17T,CLS700E
PSMH17V,HPLJM553
PSMH17X,CLS700E
PSMH180,CLS700E
PSMH181,CLS700E
PSMH182,CLS700E
PSMH185,CLS700E
PSMH18B,HPLJM608
PSMH18C,MXB355W
PSMH18D,MXB355W
PSMH18E,MXB355W
PSMH18F,MXB355W
PSMH18G,HPLJM525
PSMH18J,HPLJM525
PSMH18K,MXB355W
PSMH18N,HPLJM454DN
PSMH18P,HPLJM507
PSMH18Q,HPLJM608
PSMH18R,HPLJM608
PSMH18T,MXB355W
PSMH18U,HPLJM553
PSMH18V,HPLJM608
PSMH18W,HPLJM608
PSMH18Y,HPLJM608
PSMH18Z,CLS700E
PSMH191,CLS700E
PSMH192,CLS700E
PSMH193,CLS700E
PSMH194,CLS700E
PSMH195,CLS700E
PSMH196,CLS700E
PSMH199,CLS700E
PSMH19C,CLS700E
PSMH19E,CLS700E
PSMH19F,CLS700E
TSMH100,DS900
TSMH101,DS900
TSMH102,DS900
WSMH100,BLVT164w
WSMH101,BLVT164w
WSMH102,BLVT164w
WSMH103,BLVT164w
WSMH104,BLVT164w
WSMH105,BLVT164w
WSMH106,BLVT164w
WSMH107,BLVT164w
WSMH108,BLVT164w
WSMH109,BLVT164w
WSMH10A,BLVT164w
WSMH10B,BLVT164w
WSMH10C,BLVT164w
WSMH10D,BLVT164w
WSMH10E,BLVT164w
WSMH10F,BLVT164w
WSMH10G,BLVT164w
WSMH10H,BLVT164w
WSMH10J,BLVT164w
WSMH10K,BLVT164w
WSMH10M,BLVT164w
WSMH10N,BLVT164w
WSMH10P,BLVT164w
WSMH10Q,BLVT164w
WSMH10R,BLVT164w
WSMH10S,BLVT164w
WSMH10T,BLVT164w
WSMH10U,BLVT164w
WSMH10V,BLVT164w
WSMH10W,BLVT164w
WSMH10X,BLVT164w
WSMH10Y,BLVT164w
WSMH10Z,BLVT164w
WSMH110,BLVT164w
WSMH111,BLVT164w
WSMH112,BLVT164w
WSMH113,BLVT164w
WSMH114,BLVT164w
WSMH115,BLVT164w
WSMH116,BLVT164w
WSMH117,BLVT164w
WSMH118,BLVT164w
WSMH119,BLVT164w
WSMH11A,BLVT164w
WSMH11B,BLVT164w
WSMH11C,BLVT164w
WSMH11D,BLVT164w
WSMH11E,BLVT164w
WSMH11F,BLVT164w
WSMH11G,BLVT164w
WSMH11H,BLVT164w
WSMH11J,BLVT164w
WSMH11K,BLVT164w
WSMH11M,BLVT164w
WSMH11N,BLVT164w
WSMH11P,BLVT164w
WSMH11Q,BLVT164w
WSMH11R,BLVT164w
WSMH11S,BLVT164w
WSMH11T,BLVT164w
WSMH11U,BLVT164w
WSMH11V,BLVT164w
WSMH11W,BLVT164w
WSMH11X,BLVT164w
WSMH11Y,BLVT164w
WSMH11Z,BLVT164w
WSMH120,BLVT164w
WSMH121,BLVT164w
WSMH122,BLVT164w
WSMH123,BLVT164w
WSMH124,BLVT164w
WSMH125,BLVT164w
WSMH126,BLVT164w
WSMH127,BLVT164w
WSMH128,BLVT164w
WSMH129,BLVT164w
WSMH12A,BLVT164w
WSMH12B,BLVT164w
WSMH12C,BLVT164w
WSMH12D,BLVT164w
WSMH12E,BLVT164w
WSMH12F,BLVT164w
WSMH12G,BLVT164w
WSMH12H,BLVT164w
WSMH12J,BLVT164w
WSMH12K,BLVT164w
WSMH12M,BLVT164w
WSMH12N,BLVT164w
WSMH12P,BLVT164w
WSMH12Q,BLVT164w
WSMH12R,BLVT164w
WSMH12S,BLVT164w
Sharp Memorial Hospital 2nd Floor,
,
CSMH200,HVAC
CSMH201,HVAC
CSMH202,HVAC
ESMH200,APITA500
ESMH201,APITA500
ESMH202,APITA500
ESMH203,APITA500
ESMH204,APITA500
ESMH205,APITA500
ESMH206,APITA500
ESMH207,APITA500
ESMH208,APITA500
PSMH200,MXB355W
PSMH201,MXB355W
PSMH202,HPLJ4350
PSMH203,MXB355W
PSMH204,HPLJM608
PSMH205,HPLJM525
PSMH206,MXB376W
PSMH207,HPLJ4350
PSMH208,MXB376W
PSMH209,CLS700E
PSMH20A,MXB355W
PSMH20B,HPLJP4515
PSMH20C,HPLJP4515
PSMH20D,HPLJM507
PSMH20E,HPLJM507
PSMH20F,HPLJP4515
PSMH20G,HPLJM507
PSMH20H,HPLJM608
PSMH20J,HPLJM608
PSMH20K,HPLJCP4525DN
PSMH20M,HPLJM553
PSMH20N,HPLJM507
PSMH20P,HPLJM507
PSMH20Q,HPLJM507
PSMH20R,CLS700E
PSMH20S,CLS700E
PSMH20T,HPLJP4515
PSMH20U,CLS700E
PSMH20V,CLS700E
PSMH20W,CLS700E
PSMH20X,CLS700E
PSMH20Y,CLS700E
PSMH20Z,HPLJCP2025
PSMH210,CLS700E
PSMH211,CLS700E
PSMH212,CLS700E
PSMH213,HPLJM608
PSMH214,HPLJM603
PSMH215,CLS700E
PSMH216,HPLJM608
PSMH217,HPLJM608
PSMH218,HPLJM454DN
PSMH219,HPLJM454DN
PSMH21A,CLS700E
PSMH21B,MXC301W
PSMH21C,HPLJM507
PSMH21D,HPLJM507
PSMH21E,HPLJM608
PSMH21F,MXB355W
PSMH21G,CLS700E
PSMH21H,HPLJM553
PSMH21J,MX3071
PSMH21K,HPLJM555
PSMH21M,HPLJM553
PSMH21N,HPLJ3035MFP
PSMH21P,HPLJM555
PSMH21Q,HPLJM555
PSMH21R,CLS700E
PSMH21S,HPLJ4350
PSMH21T,MXC303W
PSMH21U,HPLJM611
PSMH21V,MXB355W
PSMH21W,HPLJM452DN
PSMH21X,HPLJM553
PSMH21Y,MX6071
PSMH21Z,MX5071
PSMH220,MXM4071
PSMH221,MX5071
PSMH222,CLS700E
PSMH223,MXB355W
PSMH224,HPLJM454DN
PSMH225,HPLJM553
PSMH226,CLS700E
PSMH227,HPLJM507
Sharp Memorial Hospital 3rd Floor,
,
CSMH300,HVAC
CSMH301,HVAC
ESMH300,APITA500
ESMH301,APITA500
ESMH302,APITA500
ESMH303,APITA500
ESMH304,APITA500
PSMH300,MXB355W
PSMH301,MXB355W
PSMH302,MXB355W
PSMH303,HPLJM608
PSMH304,MXB376W
PSMH305,HPLJP4515
PSMH306,HPLJM525
PSMH307,HPLJM452DN
PSMH308,MXB355W
PSMH309,CLS700E
PSMH30B,HPLJM608
PSMH30C,HPLJM454DN
PSMH30D,HPLJM507
PSMH30E,MXC301W
PSMH30F,CLS700E
PSMH30G,CLS700E
PSMH30H,CLS700E
PSMH30J,CLS700E
PSMH30K,CLS700E
PSMH30M,CLS700E
PSMH30P,HPLJM555
PSMH30Q,MXB355W
PSMH30R,CLS700E
PSMH30T,CLS700E
PSMH30U,CLS700E
PSMH30V,CLS700E
PSMH30W,CLS700E
PSMH30X,CLS700E
PSMH30Y,HPLJM525
PSMH30Z,MXB355W
PSMH310,HPLJM525
PSMH311,HPLJM506
PSMH312,HPLJP4515
PSMH313,HPLJM553
PSMH314,HPLJM608
PSMH315,HPLJM551
PSMH316,HPLJP4515
PSMH317,HPLJM507
PSMH318,MX3071
PSMH319,MXB376W
PSMH31A,CLS700E
PSMH31B,MXB455W
PSMH31C,HPLJM507
PSMH31E,MXM4071
PSMH31F,RW8200
PSMH31G,CLS700E
PSMH31H,CLS700E
PSMH31J,HPLJP4515
PSMH31K,HPLJM608
PSMH31M,HPLJM551
PSMH31N,MXB376W
PSMH31P,CLS700E
Sharp Memorial Hospital 4th Floor,
,
CSMH400,HVAC
ESMH400,APITA500
ESMH401,APITA500
ESMH402,APITA500
ESMH404,APITA500
PSMH400,MXB355W
PSMH401,MXB476W
PSMH402,HPLJM525
PSMH403,HPLJM525
PSMH404,HPLJM507
PSMH405,HPLJP4515
PSMH406,HPLJM555
PSMH407,MXB355W
PSMH408,HPLJM507
PSMH409,HPLJP4515
PSMH40A,HPLJP4515
PSMH40B,CLS700E
PSMH40C,CLS700E
PSMH40D,CLS700E
PSMH40E,CLS700E
PSMH40F,CLS700E
PSMH40G,CLS700E
PSMH40H,CLS700E
PSMH40J,HPLJM507
PSMH40K,HPLJM525
PSMH40M,CLS700E
PSMH40N,HPLJM507
PSMH40P,MXB376W
PSMH40Q,HPLJM507
PSMH40R,CLS700E
PSMH40S,CLS700E
PSMH40T,HPLJM525
PSMH40U,HPLJM452DN
PSMH40V,MX3071
PSMH40W,CLS700E
PSMH40X,HPLJM454DN
PSMH40Y,CLS700E
PSMH40Z,HPLJM454DN
PSMH410,HPLJM611
Sharp Memorial Hospital 5th Floor,
,
CSMH500,HVAC
CSMH501,HVAC
ESMH500,APITA500
ESMH501,APITA500
ESMH502,APITA500
PSMH500,MXB355W
PSMH501,HPLJM525
PSMH502,MXB376W
PSMH503,MXB355W
PSMH504,HPLJP4515
PSMH505,HPLJM553
PSMH506,HPLJM553
PSMH507,HPLJM555
PSMH508,MXC303W
PSMH509,HPLJP4515
PSMH50A,HPLJM608
PSMH50B,CLS700E
PSMH50C,CLS700E
PSMH50D,CLS700E
PSMH50E,CLS700E
PSMH50F,CLS700E
PSMH50G,CLS700E
PSMH50H,MXB376W
PSMH50J,HPLJM507
PSMH50K,HPLJM454DN
PSMH50M,MXC301W
PSMH50N,CLS700E
PSMH50P,CLS700E
PSMH50Q,HPLJM507
PSMH50R,HPLJM454DN
PSMH50S,HPLJM507
PSMH50T,MXM4071
PSMH50U,HPLJ4350
Sharp Memorial Hospital 6th Floor,
,
CSMH600,HVAC
CSMH601,HVAC
CSMH602,HVAC
CSMH603,HVAC
ESMH600,APITA500
ESMH601,APITA500
ESMH602,APITA500
PSMH600,MXB355W
PSMH601,HPLJM525
PSMH602,HPLJM525
PSMH603,MXB355W
PSMH604,HPLJM553
PSMH605,HPLJM553
PSMH606,HPLJM507
PSMH607,HPLJM555
PSMH608,HPLJ4350
PSMH609,HPLJP4515
PSMH60A,CLS700E
PSMH60B,CLS700E
PSMH60C,CLS700E
PSMH60D,CLS700E
PSMH60E,CLS700E
PSMH60F,HPLJM452DN
PSMH60G,HPLJM608
PSMH60H,CLS700E
PSMH60J,MXB376W
PSMH60K,HPLJM452DN
PSMH60M,MXB355W
PSMH60P,MXB376W
PSMH60Q,HPLJM608
PSMH60R,HPLJM507
PSMH60S,CLS700E
PSMH60T,CLS700E
PSMH60U,HPLJM608
PSMH60W,HPLJM507
PSMH60X,HPLJ4350
PSMH60Y,MXM4071
PSMH60Z,MXM465
Sharp Memorial Hospital 7th Floor,
,
CSMH700,HVAC
CSMH701,HVAC
CSMH702,HVAC
CSMH703,HVAC
CSMH704,HVAC
CSMH705,HVAC
ESMH700,APITA500
ESMH701,APITA500
ESMH702,APITA500
PSMH700,HPLJM553
PSMH701,HPLJ4350
PSMH702,CLS700E
PSMH703,HPLJP4515
PSMH704,HPLJM507
PSMH705,HPLJP4515
PSMH706,CLS700E
PSMH707,CLS700E
PSMH708,CLS700E
PSMH709,HPLJM525
PSMH70A,HPLJM525
PSMH70B,CLS700E
PSMH70C,MXC303W
PSMH70D,MXB355W
PSMH70E,HPLJCP2025
PSMH70F,HPLJP4515
PSMH70G,HPLJM553
PSMH70H,HPLJM506
PSMH70J,HPLJM507
PSMH70K,HPLJM507
Sharp Memorial Hospital 8th Floor,
,
ESMH801,APITA500
PSMH800,HPLJM507
PSMH801,HPLJM553
PSMH802,MXC303W
PSMH803,HPLJM525
PSMH804,HPLJM603
PSMH805,CLS700E
PSMH806,CLS700E
PSMH807,CLS700E
PSMH808,HPLJP4515
PSMH80A,MXC303W
PSMH80B,HPLJM506
PSMH80C,HPLJM603
PSMH80D,HPLJM603
Sharp Memorial Hospital 9th Floor,
,
CSMH900,HVAC
CSMH901,HVAC
CSMH902,HVAC
Sharp Memorial Hospital Human Resources Trailer,
,
PSMHR04,HPLJP4515
Sharp Memorial Hospital Knollwood,
,
DSMKW00,LynxWLSReceiver
ESMKW00,APITA500
ESMKW01,APITA500
ESMKW02,APITA500
PSMKW00,MXB376W
PSMKW01,HPLJM507
PSMKW02,HPLJ4350
PSMKW03,HPLJ4350
PSMKW04,HPLJM507
PSMKW05,HPLJM608
PSMKW06,HPLJ4350
PSMKW07,HPLJM608
PSMKW08,HPLJM553
PSMKW09,HPLJM608
PSMKW0A,HPLJ4350
PSMKW0B,MXB376W
PSMKW0D,HPLJ4350
PSMKW0E,HPLJM608
PSMKW0F,BADGE
PSMKW0G,HPLJM608
PSMKW0H,HPLJ5
PSMKW0J,HPLJM608
PSMKW0K,HPLJM608
PSMKW0M,HPLJCP2025
PSMKW0N,MX3071
PSMKW0P,HPLJM507
PSMKW0Q,HPLJM608
PSMKW0R,HPLJ4350
PSMKW0S,CLS700E
PSMKW0T,HPLJP4515
PSMKW0V,HPLJCP2025
PSMKW0W,HPLJP4515
PSMKW0X,HPLJ4350
PSMKW0Y,HPLJM452DN
PSMKW0Z,HPLJM603
PSMKW10,HPLJ4350
PSMKW11,HPLJM507
PSMKW12,HPLJ5000
PSMKW13,HPLJM507
PSMKW14,HPLJM553
PSMKW15,HPLJM608
PSMKW16,MXB376W
PSMKW17,MX6071
PSMKW18,HPLJM507
PSMKW1A,HPLJ4250
PSMKW1B,HPDJ1200
PSMKW1C,HPLJM506
PSMKW1D,HPLJ4300
PSMKW1E,HPLJP4515
PSMKW1F,HPLJM608
PSMKW1G,HPLJM608
PSMKW1H,MX3071
PSMKW1J,HPLJ4350
PSMKW1K,HPLJM608
PSMKW1M,HPLJP4515
PSMKW1N,HPLJM507
PSMKW1P,CLS700E
PSMKW1Q,HPLJCP3505N
PSMKW1R,HPLJM553
PSMKW1S,HPLJM507
PSMKW1T,MXM465
PSMKW1U,MXM465
PSMKW1V,HPLJCP2025
PSMKW1W,MXC303W
PSMKW1Y,HPLJM454DN
PSMKW1Z,HPLJ4350
PSMKW20,HPLJ4350
PSMKW21,HPLJM454DN
PSMKW22,HPLJM507
PSMKW23,HPLJM506
PSMKW24,HPLJ4350
PSMKW25,HPLJCP4525DN
PSMKW27,HPLJM553
PSMKW28,HPLJCP2025
PSMKW29,HPLJ4350
PSMKW2A,MXB355W
PSMKW2B,HPLJM553
PSMKW2C,CLS700E
PSMKW2D,HPLJM452DN
PSMKW2E,HPLJM507
PSMKW2F,HPLJM452DN
PSMKW2J,HPLJM608
PSMKW2K,HPLJM452DN
PSMKW2Q,MXM7570
PSMKW2R,MXB376W
PSMKW2S,HPLJ4350
Sharp Memorial Hospital Rehab,
,
ESMRH00,APITA500
ESMRH01,APITA500
ESMRH02,APITA500
ESMRH03,APITA500
PSMRH00,MXB376W
PSMRH01,MXB355W
PSMRH02,HPLJM608
PSMRH03,HPLJM507
PSMRH04,HPLJP4515
PSMRH05,MX4070
PSMRH06,CLS700E
PSMRH07,CLS700E
PSMRH08,OKI591
PSMRH09,HPLJM525
PSMRH0A,HPLJP4515
PSMRH0B,CLS700E
PSMRH0C,HPLJP4515
PSMRH0D,HPLJ5
PSMRH0F,HPLJM551
PSMRH0G,HPLJII
PSMRH0H,HPLJM507
PSMRH0J,HPLJ4350
PSMRH0K,HPLJP4515
PSMRH0M,DS6350
PSMRH0N,CLS700E
PSMRH0Q,HPLJM553
PSMRH0R,HPLJP4515
PSMRH0S,HPLJM553
PSMRH0T,MXB376W
PSMRH0U,HPLJM507
PSMRH0V,CLS700E
PSMRH0W,HPLJ4350
PSMRH0X,HPLJM608
PSMRH0Y,MXB355W
PSMRH0Z,HPLJ4300
PSMRH10,MX4071
PSMRH11,MX5071
PSMRH12,MX5071
PSMRH13,HPLJM555
PSMRH14,MXM4071
PSMRH15,MX5071
PSMRH16,HPLJCP2025
PSMRH17,HPLJM507
PSMRH18,HPLJ4350
PSMRH19,MXM465
PSMRH1A,HPLJM454DN
PSMRH1B,MXC303W
PSMRH1C,MXM4071
PSMRH1D,HPLJM454DN
PSMRH1E,CLS700E
PSMRH1F,CLS700E
Sharp Senior Health (Sharp Memorial Senior Health),
,
PSMSH00,HPLJ4350
PSMSH01,RW6208E
PSMSH02,HPLJCP2025
PSMSH03,HPLJ4350
PSMSH04,HPLJCP2025
PSMSH05,HPLJP4515
PSMSH06,HPLJ4350
PSMSH07,CLS700E
PSMSH0A,HPLJ4350
PSMSH0B,CLS700E
PSMSH0C,HPLJM506
PSMSH0E,HPLJM506
PSMSH0F,HPLJM506
PSMSH0G,HPLJM506
PSMSH0J,MXB376W
Sharp Mesa Vista East,
,
ESMVE00,APITA500
PSMVE00,CLS700E
Sharp Mesa Vista,
,
CSMVH00,HVAC
CSMVH01,HVAC
CSMVH02,HVAC
CSMVH03,HVAC
ESMVH00,APITA500
ESMVH01,APITA500
ESMVH02,APITA500
ESMVH03,APITA500
ESMVH04,APITA500
ESMVH05,APITA500
ESMVH06,APITA500
ESMVH07,APITA500
ESMVH08,APITA500
PSMVH00,HPLJ4350
PSMVH01,MXB376W
PSMVH02,MXB376W
PSMVH03,CLS700E
PSMVH04,HPLJM525
PSMVH05,MXB376W
PSMVH06,MXC303W
PSMVH07,MXB355W
PSMVH08,HPLJM603
PSMVH09,HPLJM608
PSMVH0A,HPLJM608
PSMVH0B,MXC301W
PSMVH0C,HPLJ4350
PSMVH0D,MX6071
PSMVH0E,HPLJM507
PSMVH0F,HPLJM608
PSMVH0G,HPLJM507
PSMVH0H,HPLJM608
PSMVH0I,HPLJM608
PSMVH0J,MXB355W
PSMVH0K,HPLJM603
PSMVH0M,MX3071
PSMVH0N,MXB376W
PSMVH0O,HPLJ4350
PSMVH0P,HPLJM507
PSMVH0Q,HPLJM507
PSMVH0R,HPLJM608
PSMVH0S,HPLJP4515
PSMVH0T,HPLJ4350
PSMVH0U,HPLJM608
PSMVH0V,HPLJM608
PSMVH0W,MXB376W
PSMVH0X,HPLJP4515
PSMVH0Y,HPLJP4515
PSMVH0Z,CLS700E
PSMVH10,CLS700E
PSMVH11,HPLJM553
PSMVH12,HPLJM608
PSMVH13,HPLJM553
PSMVH14,LG15
PSMVH15,HPLJM452DN
PSMVH16,MX6071
PSMVH17,HPLJM553
PSMVH18,HPLJM608
PSMVH19,HPLJP4515
PSMVH1A,HPLJM608
PSMVH1B,HPLJ4350
PSMVH1C,CLS700E
PSMVH1D,HPLJM608
PSMVH1E,HPLJM452DN
PSMVH1F,HPLJM553
PSMVH1G,MXM7570
PSMVH1H,HPLJP4515
PSMVH1J,CLS700E
PSMVH1K,HPLJM608
PSMVH1M,CLS700E
PSMVH1N,CLS700E
PSMVH1P,CLS700E
PSMVH1R,CLS700E
PSMVH1S,HPLJCP3505N
PSMVH1T,MXC303W
PSMVH1U,MXB476W
PSMVH1V,HPLJ4350
PSMVH1W,HPLJM525
PSMVH1X,HPLJP4515
PSMVH1Y,HPLJM525
PSMVH1Z,MX6071
PSMVH20,HPLJP4515
PSMVH21,HPLJM608
PSMVH22,HPLJP4515
PSMVH23,CLS700E
PSMVH24,CLS700E
PSMVH25,CLS700E
PSMVH26,CLS700E
PSMVH27,CLS700E
PSMVH28,CLS700E
PSMVH29,CLS700E
PSMVH2A,CLS700E
PSMVH2B,CLS700E
PSMVH2C,CLS700E
PSMVH2D,CLS700E
PSMVH2E,HPLJM608
PSMVH2F,MXC303W
PSMVH2G,MXC303W
PSMVH2H,HPLJCP2025
PSMVH2J,HPLJM553
PSMVH2K,HPLJM454DN
PSMVH2M,HPLJM608
PSMVH2N,HPLJP4515
PSMVH2P,HPLJM603
PSMVH2Q,MX3071
PSMVH2R,MXM453N
PSMVH2S,HPLJM608
PSMVH2T,MXM7570
PSMVH2U,MXB355W
PSMVH2V,HPLJM525
PSMVH2W,CLS700E
PSMVH2X,MXB376W
PSMVH2Y,HPLJ4350
PSMVH2Z,HPLJM553
PSMVH30,HPLJM553
PSMVH31,HPLJP4515
PSMVH32,HPLJM507
PSMVH33,MXB376W
PSMVH34,CLS700E
PSMVH35,HPLJ4350
PSMVH37,CTS801
PSMVH38,HPLJ4350
PSMVH39,MXB376W
PSMVH3A,HPLJM553
PSMVH3B,A1200
PSMVH3C,HPLJM553
PSMVH3D,HPLJM452DN
PSMVH3F,HPLJM452DN
PSMVH3G,MXC301W
PSMVH3H,HPLJCP2025
PSMVH3J,HPLJM506
PSMVH3K,CLS700E
PSMVH3M,HPLJM452DN
PSMVH3N,HPLJM452DN
PSMVH3P,CLS700E
PSMVH3Q,HPLJCP2025
PSMVH3R,CLS703E
PSMVH3S,HPLJM452DN
PSMVH3T,HPLJM553
PSMVH3U,HPLJM507
PSMVH3V,HPLJM506
PSMVH3W,HPLJM507
PSMVH3X,HPLJM454DN
WSMVH00,A1200
WSMVH01,A1200
WSMVH02,A1200
Sharp Operations Center Building C (3558 Ruffin Road),
,
CSOCC00,HVAC
ESOCC00,APITA500
ESOCC01,APITA500
ESOCC02,APITA500
PSOCC00,HPLJM507
PSOCC01,HPLJM603
PSOCC02,CLS700E
PSOCC03,CLS703E
PSOCC04,HPLJP4515
PSOCC05,CLS700E
PSOCC06,HPLJP4515
PSOCC07,CLS703E
PSOCC08,HPLJP4515
PSOCC09,HPLJM608
PSOCC0A,HPLJM608
PSOCC0B,HPLJM454DN
PSOCC0C,HPLJP4515
PSOCC0D,CLS700E
PSOCC0E,HPLJM608
PSOCC0F,CLS700E
PSOCC0G,HPLJM611
PSOCC0H,MXB376W
PSOCC0J,MX4071
PSOCC0K,MXB376W
PSOCC0M,HPLJM525
PSOCC0N,CLS700E
PSOCC0P,HPLJCP2025
PSOCC0Q,HPLJM553
PSOCC0R,HPLJM454DN
PSOCC0S,HPLJP4515
PSOCC0T,MXB376W
Sharp Operations Center Building E,
,
ESOCE00,APITA500
ESOCE01,APITA500
ESOCE02,APITA500
ESOCE03,APITA500
ESOCE04,APITA500
ESOCE05,APITA500
ESOCE06,APITA500
ESOCE07,APITA500
PSOCE00,MXB376W
PSOCE01,CLS700E
PSOCE02,HPLJCP2025
PSOCE03,MX4070
PSOCE04,HPLJ8060MFP
PSOCE05,MX4070
PSOCE07,HPLJM606
PSOCE08,HPLJM507
PSOCE0B,MX5071
PSOCE0C,MXM4071
PSOCE0E,HPLJ4350
PSOCE0G,HPLJ4050
PSOCE0H,HPLJ4100
PSOCE0K,MX4070
PSOCE0L,LN14
PSOCE0M,HPLJP4515
PSOCE0N,HPLJP4515
PSOCE0P,HPLJM452DN
PSOCE0R,HPLJP4515
PSOCE0S,HPLJ4050
PSOCE0T,RISOGD9630
PSOCE0U,CLS700E
PSOCE0V,HPLJ2500
PSOCE0W,MT150
PSOCE0X,CLS700E
PSOCE0Z,HPLJ4300
PSOCE10,HPLJ4100
PSOCE11,LA424
PSOCE12,MX7500N
PSOCE14,CLS700E
PSOCE15,HPDJ455C
PSOCE16,CLS700E
PSOCE17,LN14
PSOCE18,HPDJ455C
PSOCE19,HPLJ4050
PSOCE1A,HPLJ4050
PSOCE1E,HPLJ4600N
PSOCE1F,HPLJ4300
PSOCE1G,HPLJ9050
PSOCE1H,HPLJ8060MFP
PSOCE1M,HPLJ4100
PSOCE1N,CLS700E
PSOCE1P,HPLJ4300
PSOCE1Q,HPLJ4300
PSOCE1R,HPLJ3600
PSOCE1V,HPLJ4300
PSOCE1W,HPLJ4300
PSOCE20,HPLJM525
PSOCE27,RW8200
PSOCE28,HPLJP4515
PSOCE2A,HPLJ2550
PSOCE2E,HPLJ4100
PSOCE2F,CLS700E
PSOCE2G,CLS700E
PSOCE2H,HPLJ9050MFP
PSOCE2J,HPLJM425dn
PSOCE2M,P5205
PSOCE2N,MXB355W
PSOCE2S,MX3071
PSOCE2U,RISOGD9630
PSOCE2V,HPLJM251nw
PSOCE2W,RW8200
PSOCE2Z,HPLJ8060MFP
PSOCE30,X9203
PSOCE33,HPLJ4050
PSOCE35,MX4501NMFP
PSOCE36,HPLJ8060MFP
PSOCE38,HPLJ8060MFP
PSOCE39,MXB476W
TSOCE00,DS900
TSOCE01,DS700
TSOCE02,DS900
TSOCE03,DS900
TSOCE04,DS700
Spectrum Court 1st Floor,
,
CSPE100,HVAC
CSPE101,HVAC
CSPE102,HVAC
CSPE103,HVAC
ESPE100,APITA500
ESPE101,APITA500
ESPE102,APITA500
PSPE100,HPLJ4350
PSPE101,HPLJM507
PSPE102,HPLJP4515
PSPE103,HPLJP4515
PSPE104,HPLJ4350
PSPE105,HPLJM611
PSPE106,MXB376W
PSPE107,HPLJM608
PSPE108,MXB376W
PSPE109,HPLJM608
PSPE10A,HPLJP4515
PSPE10B,HPLJ4350
PSPE10C,HPLJM507
PSPE10D,MXB376W
PSPE10E,HPLJM507
PSPE10F,HPLJM507
PSPE10G,HPLJM608
PSPE10H,HPLJM608
PSPE10J,HPLJP4515
PSPE10K,HPLJM507
PSPE10L,HPLJM507
PSPE10M,CLS700E
PSPE10N,HPLJM525
PSPE10O,HPLJM507
PSPE10P,HPLJP4515
PSPE10Q,MX4070
PSPE10R,MX5071
PSPE10S,MX6071
PSPE10T,HPLJM507
PSPE10U,MX5071
PSPE10V,HPLJ4350
PSPE10W,HPLJP4515
PSPE10X,HPLJM608
PSPE10Y,HPLJ4350
PSPE10Z,HPLJP4515
PSPE110,MXB376W
PSPE111,HPLJ4PLUS
PSPE112,HPLJM507
PSPE113,HPLJP4515
PSPE114,HPLJP4515
PSPE115,HPLJ4350
PSPE116,HPLJ3035MFP
PSPE117,HPLJM608
PSPE118,HPLJM553
PSPE119,RW6208E
PSPE11A,HPLJM507
PSPE11B,HPLJP4515
PSPE11C,HPLJM608
PSPE11D,HPLJP4515
PSPE11E,HPLJM608
PSPE11F,HPLJP4515
PSPE11G,HPLJP4515
PSPE11H,HPLJP4515
PSPE11I,HPLJP4515
PSPE11J,HPLJM608
PSPE11K,HPLJM507
PSPE11M,HPLJM611
PSPE11N,HPLJM507
PSPE11P,CLS700E
PSPE11Q,HPLJ4350
PSPE11R,HPLJP4515
PSPE11S,HPLJP4515
PSPE11T,HPLJP4515
PSPE11U,RW6208E
PSPE11V,HPLJ2500
PSPE11W,HPLJM611
PSPE11X,HPLJM608
PSPE11Y,HPLJM553
PSPE11Z,HPLJM608
PSPE120,HPLJM608
PSPE121,CLS700E
PSPE122,HPLJM553
PSPE123,HPLJ4350
PSPE124,HPLJ4345MFP
PSPE125,HPLJM553
PSPE126,HPLJ4345MFP
PSPE127,HPLJM507
PSPE128,MXM4070
PSPE129,HPLJM507
PSPE12A,HPLJM553
PSPE12B,MX6071
PSPE12C,HPLJM553
PSPE12D,BADGE
PSPE12E,MXB476W
PSPE12F,HPLJM608
PSPE12H,MXB476W
PSPE12J,HPLJM454DN
PSPE12K,HPLJM454DN
PSPE12M,HPLJP4515
PSPE12N,HPLJP4515
PSPE12P,HPLJM506
PSPE12Q,HPLJM553
PSPE12R,HPLJM454DN
PSPE12S,HPLJM553
PSPE12T,HPLJM506
PSPE12U,HPLJ4250
PSPE12W,MXC303W
PSPE12X,CLS700E
PSPE12Y,HPLJ4350
PSPE12Z,HPLJM452DN
PSPE130,HPLJM608
TSPE100,DS900
TSPE101,DS900
Spectrum Court 2nd Floor,
,
CSPE200,HVAC
CSPE201,HVAC
CSPE202,HVAC
CSPE203,HVAC
CSPE204,HVAC
CSPE205,HVAC
CSPE206,HVAC
CSPE207,HVAC
CSPE208,HVAC
CSPE209,HVAC
CSPE20A,HVAC
CSPE20B,HVAC
CSPE20C,HVAC
CSPE20D,HVAC
CSPE20E,HVAC
CSPE20F,HVAC
CSPE20G,HVAC
CSPE20H,HVAC
CSPE20J,HVAC
CSPE20K,HVAC
CSPE20M,HVAC
CSPE20N,HVAC
CSPE20P,HVAC
CSPE20Q,HVAC
CSPE20R,HVAC
CSPE20S,HVAC
CSPE20T,HVAC
CSPE20U,HVAC
CSPE20V,HVAC
CSPE20W,HVAC
CSPE20X,HVAC
CSPE20Y,HVAC
CSPE20Z,HVAC
CSPE210,HVAC
CSPE211,HVAC
CSPE212,HVAC
CSPE213,HVAC
CSPE214,HVAC
CSPE215,HVAC
CSPE216,HVAC
CSPE217,HVAC
CSPE218,HVAC
CSPE219,HVAC
CSPE21A,HVAC
CSPE21B,HVAC
CSPE21C,HVAC
CSPE21D,HVAC
CSPE21E,HVAC
CSPE21F,HVAC
CSPE21G,HVAC
CSPE21H,HVAC
CSPE21J,HVAC
CSPE21K,HVAC
CSPE21M,HVAC
CSPE21N,HVAC
CSPE21P,HVAC
CSPE21Q,HVAC
CSPE21R,HVAC
CSPE21S,HVAC
CSPE21T,HVAC
CSPE21U,HVAC
CSPE21V,HVAC
CSPE21W,HVAC
CSPE21X,HVAC
CSPE21Y,HVAC
CSPE21Z,HVAC
CSPE220,HVAC
CSPE221,HVAC
CSPE222,HVAC
CSPE223,HVAC
ESPE200,APITA500
PSPE200,MX6071
PSPE201,CLS621
PSPE202,HPLJP4515
PSPE203,HPLJP4515
PSPE204,HPLJP4515
PSPE205,HPLJM608
PSPE206,MX3071
PSPE207,HPLJM507
PSPE208,HPLJP4515
PSPE209,HPLJ4350
PSPE20B,MXM4071
PSPE20C,HPLJM553
PSPE20D,MX6071
PSPE20E,MX3071
PSPE20F,HPLJP4515
PSPE20G,HPLJM611
PSPE20J,HPLJM608
PSPE20K,MX5071
PSPE20M,HPLJM553
PSPE20N,HPLJM507
PSPE20P,HPLJM608
PSPE20Q,HPLJM603
PSPE20R,HPLJM608
PSPE20S,HPLJP4515
PSPE20T,HPLJM608
PSPE20U,HPLJP4515
PSPE20V,HPLJ4350
PSPE20W,HPLJ4350
PSPE20X,HPLJM608
PSPE20Y,HPLJM551
PSPE20Z,HPLJP4515
PSPE211,HPLJM608
PSPE212,HPLJP4515
PSPE213,HPLJM608
PSPE214,MXB355W
PSPE215,MX5071
PSPE216,MX5071
PSPE217,HPLJM454DN
PSPE218,HPLJP4515
PSPE219,HPLJM553
PSPE21A,HPLJP4515
PSPE21B,HPLJM608
PSPE21C,HPLJM452DN
PSPE21D,HPLJM506
PSPE21E,HPLJM603
PSPE21F,HPLJM603
PSPE21G,MX3071
PSPE21H,MXC301W
PSPE21J,HPLJ4250
PSPE21K,HPLJM454DN
PSPE21M,HPLJM454DN
PSPE21P,HPLJ4350
PSPE21Q,HPLJM454DN
PSPE21R,HPLJM454DN
PSPE21S,HPLJM507
PSPE21V,HPLJP4515
PSPE21W,CLS700E
PSPE21X,CLS700E
PSPE21Y,HPLJM454DN
PSPE221,HPLJP4515
PSPE222,HPLJCP2025
PSPE223,HPLJM507
PSPE227,HPLJM608
PSPE229,HPLJM553
PSPE22C,HPLJM553
PSPE22K,HPLJP4515
PSPE22P,HPLJ4350
PSPE22Q,HPLJP4515
PSPE22R,HPLJP4515
PSPE22U,HPLJM611
PSPE22X,HPLJM611
PSPE235,HPLJ4350
PSPE236,HPLJ4350
PSPE237,HPLJM507
PSPE238,HPLJP4515
PSPE239,HPLJ4350
PSPE23A,HPLJCP4525DN
PSPE23D,HPLJP4515
PSPE23E,HPLJM506
PSPE23F,HPLJP4515
PSPE23G,HPLJP4515
PSPE23H,HPLJP4515
PSPE23J,HPLJP4515
PSPE23K,HPLJP4515
PSPE23Q,HPLJM507
PSPE23R,MXC301W
PSPE23S,HPLJP4515
PSPE23T,HPLJ4350
PSPE23V,HPLJM553
PSPE23W,HPLJP4515
PSPE240,HPLJP4515
PSPE245,HPLJM507
PSPE246,HPLJM553
Spectrum Court 3rd Floor,
,
CSPE300,HVAC
CSPE301,HVAC
CSPE302,HVAC
CSPE303,HVAC
CSPE304,HVAC
CSPE305,HVAC
CSPE306,HVAC
CSPE307,HVAC
CSPE308,HVAC
CSPE309,HVAC
CSPE30A,HVAC
CSPE30B,HVAC
CSPE30C,HVAC
CSPE30D,HVAC
CSPE30E,HVAC
CSPE30F,HVAC
CSPE30G,HVAC
CSPE30H,HVAC
CSPE30J,HVAC
CSPE30K,HVAC
CSPE30M,HVAC
CSPE30N,HVAC
CSPE30P,HVAC
CSPE30Q,HVAC
CSPE30R,HVAC
CSPE30S,HVAC
CSPE30T,HVAC
CSPE30U,HVAC
CSPE30V,HVAC
CSPE30W,HVAC
CSPE30X,HVAC
CSPE30Y,HVAC
CSPE30Z,HVAC
CSPE310,HVAC
CSPE312,HVAC
CSPE313,HVAC
CSPE314,HVAC
CSPE315,HVAC
CSPE316,HVAC
CSPE317,HVAC
CSPE318,HVAC
CSPE319,HVAC
CSPE31A,HVAC
ESPE300,APITA500
PSPE300,HPLJM608
PSPE302,HPLJM608
PSPE303,HPLJM454DN
PSPE304,HPLJP4515
PSPE305,HPLJM611
PSPE306,HPLJM507
PSPE307,HPLJM608
PSPE308,HPLJM608
PSPE309,HPLJ4350
PSPE30A,HPLJM608
PSPE30B,HPLJM507
PSPE30D,HPLJM608
PSPE30E,HPLJP4515
PSPE30G,HPLJM611
PSPE30H,HPLJM608
PSPE30J,HPLJM608
PSPE30K,HPLJM608
PSPE30L,HPLJM611
PSPE30M,HPLJM608
PSPE30N,HPLJM608
PSPE30O,HPLJ9050
PSPE30P,HPLJM608
PSPE30Q,MXM7570
PSPE30R,HPLJM611
PSPE30S,HPLJM603
PSPE30T,HPLJM608
PSPE30V,HPLJM608
PSPE30W,HPLJM611
PSPE30X,HPLJM608
PSPE30Y,MXC301W
PSPE30Z,HPLJM608
PSPE310,HPLJM611
PSPE311,HPLJM507
PSPE312,HPLJM608
PSPE313,MXM4071
PSPE314,HPLJM507
PSPE315,HPLJM611
PSPE316,MX5071
PSPE317,MX4071
PSPE318,HPLJM608
PSPE319,HPLJM553
PSPE31A,HPLJM553
PSPE31B,HPLJM551
PSPE31C,HPLJM553
PSPE31D,HPLJM507
PSPE31E,HPLJM603
PSPE31F,HPLJM507
PSPE31G,MXB376W
PSPE31H,HPLJM611
PSPE31J,HPLJM507
PSPE31K,HPLJP4515
PSPE31M,MXB355W
PSPE31N,HPLJM608
PSPE31Q,HPLJM507
PSPE31R,HPLJM525
PSPE31S,HPLJM553
PSPE31T,HPLJM507
PSPE31U,HPLJM507
PSPE31W,HPLJM608
PSPE31X,HPLJM454DN
PSPE31Y,HPLJ4350
PSPE31Z,HPLJM608
PSPE320,HPLJM608
PSPE321,HPLJM525
PSPE322,HPLJM553
PSPE323,HPLJM608
PSPE325,HPLJM608
PSPE326,HPLJM603
PSPE327,HPLJM608
PSPE328,HPLJM507
PSPE32B,HPLJM507
PSPE32C,HPLJM454DN
PSPE32D,HPLJM611
PSPE32E,HPLJM608
PSPE32F,HPLJM611
PSPE32K,HPLJP4515
PSPE32M,HPLJM611
PSPE32N,HPLJM608
PSPE32P,HPLJP4515
PSPE32Q,HPLJP4515
PSPE32S,HPLJM608
PSPE32T,HPLJM608
PSPE32V,HPLJM608
PSPE32W,HPLJM608
PSPE32X,MX3071
PSPE32Y,MX6071
PSPE32Z,MX3071
PSPE330,HPLJM603
Spectrum Court 4th Floor,
,
CSPE400,HVAC
CSPE401,HVAC
CSPE402,HVAC
CSPE403,HVAC
CSPE404,HVAC
CSPE405,HVAC
CSPE406,HVAC
CSPE407,HVAC
CSPE408,HVAC
CSPE409,HVAC
CSPE40A,HVAC
CSPE40B,HVAC
CSPE40C,HVAC
CSPE40D,HVAC
CSPE40E,HVAC
CSPE40F,HVAC
CSPE40G,HVAC
CSPE40H,HVAC
CSPE40J,HVAC
CSPE40K,HVAC
CSPE40M,HVAC
CSPE40N,HVAC
CSPE40P,HVAC
CSPE40Q,HVAC
CSPE40R,HVAC
CSPE40S,HVAC
CSPE40T,HVAC
CSPE40U,HVAC
CSPE40V,HVAC
CSPE40W,HVAC
CSPE40X,HVAC
CSPE40Y,HVAC
CSPE40Z,HVAC
CSPE410,HVAC
CSPE411,HVAC
ESPE400,APITA500
PSPE400,HPLJM454DN
PSPE401,HPLJM608
PSPE402,HPLJM507
PSPE403,HPLJM608
PSPE404,HPLJM608
PSPE405,HPLJM507
PSPE406,HPLJM507
PSPE407,HPLJM608
PSPE408,HPLJM551
PSPE409,HPLJM507
PSPE40A,HPLJM608
PSPE40B,HPLJM611
PSPE40C,HPLJM608
PSPE40D,HPLJM608
PSPE40E,HPLJM608
PSPE40F,HPLJM608
PSPE40G,MXM7570
PSPE40H,MX3071
PSPE40J,HPLJM553
PSPE40K,HPLJM608
PSPE40M,HPLJP4515
PSPE40N,HPLJM608
PSPE40P,MXM7570
PSPE40Q,MX5071
PSPE40U,HPLJP4515
PSPE40V,HPLJM507
PSPE40X,HPLJ4200
PSPE40Z,HPLJM608
PSPE410,HPLJM553
PSPE411,HPLJM608
PSPE412,HPLJM611
PSPE414,HPLJP4515
PSPE415,MX6071
PSPE416,P7215
PSPE417,HPLJP4515
PSPE418,HPLJM608
PSPE419,MXM465
PSPE41A,MX3071
PSPE41B,HPLJP4515
PSPE41C,P5215
PSPE41D,HPLJM507
PSPE41E,HPLJM608
PSPE41G,CLS700E
PSPE41J,HPLJ4350
PSPE41M,HPLJP4515
PSPE41N,HPLJM608
PSPE41P,MXB376W
PSPE41Q,HPLJM608
PSPE41R,HPLJM507
PSPE41S,HPLJM608
PSPE41T,HPLJM608
PSPE41U,HPLJM553
PSPE41X,HPLJM507
PSPE41Y,HPLJM611
PSPE41Z,HPLJM608
PSPE420,HPLJP4515
PSPE425,HPLJM507
PSPE426,HPLJ4345MFP
Metro Lab,
,
TSPL100,DS900
Sharp Tech Way 1st Floor,
,
CSTW100,HVAC
CSTW101,HVAC
CSTW102,HVAC
CSTW103,HVAC
CSTW104,HVAC
CSTW105,HVAC
CSTW106,HVAC
CSTW107,HVAC
CSTW108,HVAC
CSTW109,HVAC
CSTW10A,HVAC
CSTW10B,HVAC
CSTW10C,HVAC
CSTW10D,HVAC
CSTW10E,HVAC
CSTW10F,HVAC
CSTW10G,HVAC
CSTW10H,HVAC
CSTW10J,HVAC
CSTW10K,HVAC
CSTW10M,HVAC
CSTW10N,HVAC
CSTW10P,HVAC
CSTW10Q,HVAC
CSTW10R,HVAC
CSTW10S,HVAC
CSTW10T,HVAC
CSTW10U,HVAC
CSTW10V,HVAC
CSTW10W,HVAC
CSTW10X,HVAC
CSTW10Y,HVAC
CSTW10Z,HVAC
CSTW110,HVAC
CSTW111,HVAC
CSTW112,HVAC
CSTW113,HVAC
CSTW114,HVAC
CSTW115,HVAC
CSTW116,HVAC
CSTW117,HVAC
CSTW118,HVAC
CSTW119,HVAC
CSTW11A,HVAC
CSTW11B,HVAC
CSTW11C,HVAC
CSTW11D,HVAC
CSTW11E,HVAC
CSTW11F,HVAC
CSTW11G,HVAC
CSTW11H,HVAC
CSTW11J,HVAC
CSTW11K,HVAC
CSTW11M,HVAC
CSTW11N,HVAC
CSTW11P,HVAC
CSTW11Q,HVAC
CSTW11R,HVAC
CSTW11S,HVAC
CSTW11T,HVAC
CSTW11U,HVAC
CSTW11V,HVAC
CSTW11W,HVAC
CSTW11X,HVAC
ESTW100,APITA500
ESTW101,APITA500
PSTW100,HPLJM507
PSTW101,HPLJM608
PSTW102,HPLJM454DN
PSTW103,HPLJM507
PSTW104,HPLJM553
PSTW105,MX5071
PSTW106,HPLJM553
PSTW107,HPLJM553
PSTW108,HPLJM452DN
PSTW109,HPLJP4515
PSTW10B,HPLJP4515
PSTW10H,MXM4070
PSTW10J,MX4071
Sharp Tech Way 2nd Floor,
,
CSTW200,HVAC
ESTW200,APITA500
ESTW201,APITA500
PSTW200,HPLJM507
PSTW201,HPLJM608
PSTW203,HPLJM507
PSTW204,HPLJM608
PSTW205,HPLJM507
PSTW206,HPLJM608
PSTW207,HPLJM507
PSTW208,HPLJM507
PSTW20A,HPLJM611
PSTW20B,HPLJP4515
PSTW20C,HPLJM507
PSTW20E,HPLJM608
PSTW20F,HPLJM611
PSTW20J,HPLJM507
PSTW20K,HPLJCP2025
PSTW20M,HPLJM611
PSTW20P,MXM7570
PSTW20Q,HPLJP4515
PSTW20R,MX5071
PSTW20S,HPLJM553
PSTW20T,MX6071
PSTW20V,HPLJP4515
PSTW20W,HPLJ2605N
PSTW20X,HPLJM525
PSTW20Y,HPLJ2100
PSTW20Z,HPLJM553
PSTW210,HPLJM507
PSTW211,HPLJM553
PSTW212,HPLJM553
PSTW213,HPLJM553
PSTW214,HPLJP4515
PSTW216,HPLJM553
PSTW217,HPLJM452DN
PSTW218,HPLJM555
PSTW219,HPLJM551
PSTW21A,HPLJM551
PSTW21B,HPLJM553
PSTW21C,HPLJM553
PSTW21D,HPLJM553
PSTW21F,MX6070N
PSTW21G,MX6070N
United West Labs 5030 Cam de la Siesta,
,
PUWMV01,HPLJP4515
Sharp Mesa Vista Cap Building,
,
EVHCP00,APITA500
PVHCP00,HPLJ5
X-Ray Medical Group,
,
TXMG100,DS900
